new_sampleid	sa.qc.callRate	sa.qc.dpMean	sa.qc.dpStDev	sa.qc.gqStDev	sa.hetStats.stdev	sa.qc.rHetHomVar	sa.qc.rTiTv	sa.qc.nSingleton	sa.qc.nSNP	sa.qc.nInsertion	sa.qc.nDeletion	sa.imputesex.Fstat	call_rate	f_stat	passes_qc1	passes_qc2
00652230-6b57-4efb-af13-6e0e9487b878	0.99871252529	38.1069060773	9.88957857852	10.1841893618	0.437634735041	1.54608482871	4.07710280374	0	8692	3	0	0.992655172322	0.99579	0.99274	TRUE	TRUE
009492f4-3eed-4de9-b336-5c79d4eaad6e	0.999632150083	36.0962281509	11.766930668	14.3185421106	0.509429129226	1.7779646762	3.91945205479	8	8978	7	0	-0.131476490467	0.95791	-0.12565	FALSE	TRUE
017512ee-9d4f-4288-aeb1-89fae5951beb	0.999264300166	39.3796245168	9.26872001432	10.0003278071	0.441351057067	1.4440545809	3.93407821229	0	8832	4	0	0.992648203249	0.99623	0.99273	TRUE	TRUE
0202f47e-5c97-497d-ae29-a37677ad9bd1	0.999724112562	38.9263177261	10.0668082947	18.904761	0.750985544525	1.60229602296	4.03614457831	0	8778	7	1	0.769766926828	0.99631	0.77228	FALSE	FALSE
022377db-f895-42a1-bbdc-cd25144de7af	0.997241125621	38.1610106972	10.268369004	10.4234455439	0.482223160048	1.50342052314	4.05930232558	0	8702	6	0	0.0723588539671	0.95554	0.075243	FALSE	TRUE
0246e04a-37bd-4ce9-9f31-0540c5b69def	0.998804487769	43.0003682902	9.53222283221	8.13093890513	0.396126344126	1.49756493506	4.03035610041	0	8617	4	0	0.0283020185355	0.95776	0.029553	TRUE	TRUE
02591d74-c7c0-4074-96df-5d5f171485fb	0.99862056281	39.2989225527	12.2140549438	14.1122123058	0.433950411177	1.46353961372	4.03381088825	0	8784	4	0	0.995098840713	0.99446	0.99273	FALSE	TRUE
0282e188-f0f3-4766-af47-bb4032e3118a	0.999264300166	39.543070127	9.88072779774	9.23117353847	0.515958475291	1.63566206336	4.10439247005	3	8948	3	3	-0.0353356326435	0.95761	-0.031309	TRUE	TRUE
03587195-b1e5-46af-8de4-9a5084b0f9c7	0.99862056281	33.685882678	10.1396980682	13.5879783714	0.48091365622	1.40057950018	4.110626703	11	9378	8	3	-0.0279928267383	0.95665	-0.023689	FALSE	TRUE
03f31924-e921-4309-86ab-a8ef957320f4	0.998344675372	40.1927966102	10.6991306263	9.21699163943	0.408987046468	1.46197183099	4.16456456456	1	8599	3	1	-0.0108596129593	0.95717	-0.0067483	FALSE	TRUE
056febff-20ed-43f5-9085-88263ed8fc71	0.998528600331	44.1941425677	11.1973240177	7.98769059675	0.416821205858	1.50946435763	4.05629715612	0	8712	3	0	0.992657194095	0.9966	0.99032	FALSE	TRUE
0596976b-6b75-4ae8-a547-52525e4a6c04	0.999080375207	36.2346281296	10.2831996409	11.8894987819	0.436053409066	1.58825978351	4.09520993495	0	8616	4	0	0.0674636500303	0.95613	0.065607	FALSE	TRUE
064a9b7d-3243-4209-805e-3c23dac456bc	0.999080375207	39.6318114875	9.41559691159	9.12646720383	0.398811068408	1.5719035744	3.97220613781	0	8587	6	3	1	0.99623	1	TRUE	TRUE
073937d8-f02b-4b54-a4b9-27328b450070	0.999264300166	31.1877415792	8.34947272301	15.7216674081	0.483611610429	1.53656532457	4.02453271028	0	8602	7	0	0.977971582284	0.99505	0.97816	TRUE	TRUE
07b13f03-0e97-4441-86bb-6dff4f6ebbfe	0.998988412728	36.1454478505	9.16314331824	11.6974418089	0.442422888617	1.55346938776	3.972	0	8701	5	1	0.992652135963	0.99623	0.99272	TRUE	TRUE
07c2db7d-bf3d-47b9-989f-3e3eaa171b10	0.999724112562	41.2652929813	9.54936674395	8.06841961767	0.347938162761	1.72742906277	4.07138677589	0	8667	1	3	-0.0744972641383	0.9565	-0.071262	TRUE	TRUE
0852a5ff-a7f9-4702-a816-dc30d336f1f6	0.997884862976	26.4539673763	9.94885898517	19.9131788952	0.5070612842	1.49519230769	4.01380103508	0	8719	6	0	0.992652135963	0.99498	0.99273	TRUE	TRUE
08a6baac-59a5-4d44-89a5-65ed1b2113dc	0.998988412728	42.2131087177	9.99921590095	7.43984245315	0.388038614812	1.43968565815	4.08895348837	0	8753	2	1	0.992657194095	0.99609	0.99272	TRUE	TRUE
094c99d0-ed24-4d4b-8406-031733ab0ae8	0.99871252529	39.3182320442	9.61711847576	9.89173005422	0.407218729445	1.35878741366	3.97724687144	0	8750	4	0	1	0.99697	1	TRUE	TRUE
097a49fc-537b-4f75-86b3-69f3337204db	0.999724112562	42.2227945911	9.23465490474	6.85983506142	0.364981723372	1.51055026893	4.16250760803	0	8482	2	1	0.997550711988	0.99764	0.99758	TRUE	TRUE
09937ca4-a317-44cb-b0e4-5c9049a2fd30	0.998896450248	35.4287424047	10.7166101226	14.3993142649	0.516507627403	1.11141773025	3.92299290005	2	9014	5	2	0.233372852099	0.95702	0.23716	FALSE	FALSE
0ab8b6c0-83c9-4a02-896f-6c73baff8e59	0.999172337686	46.1677864703	11.5538042865	7.87813345785	0.380216582648	1.54095701541	4.01666666667	1	8729	4	0	0.995100111718	0.99579	0.99515	FALSE	TRUE
0bcb99d2-7a0b-4bea-b401-152ef22f6b06	0.998804487769	28.5914740816	9.13232460965	17.0042189884	0.55114084788	1.55064829822	3.86777777778	0	8762	2	0	0.992647739978	0.99505	0.99273	TRUE	TRUE
0cffe242-c631-4dae-a03f-f918a791beea	0.999540187603	43.2305639893	12.6717920152	9.34777980093	0.412565397047	1.56744567446	4.02310803004	0	8695	7	1	0.995104796063	0.99712	0.99274	FALSE	TRUE
0d67792c-f742-4ebb-8f7c-514be97cdbc3	0.99871252529	35.0883977901	16.1056969723	20.1977055226	0.567330094651	1.59380234506	4.18753781004	0	8575	8	1	0.997519887426	0.9952	0.99755	FALSE	TRUE
0e211359-1168-4d5c-93f2-0d84775989e1	0.999080375207	42.3334867452	10.9525888558	9.53645024161	0.423864046051	1.47765363128	3.9438138479	0	8711	4	1	-0.0182024188646	0.95768	-0.0091683	FALSE	TRUE
0f6f2602-2bbe-4b71-92ac-5b5dbc24b9c8	0.998896450248	32.8781992267	11.1717474562	18.1608817201	0.512550519065	1.52631578947	3.98579545455	0	8775	2	0	0.9804056959	0.99594	0.9806	FALSE	TRUE
106393bb-5a5d-4456-b8eb-747ed501dfd2	0.999448225124	39.9094589621	10.7415042805	10.9761794728	0.412267511115	1.49347568209	3.99039005088	0	8828	7	2	0.0185116106618	0.95761	0.019872	FALSE	TRUE
10c00679-b39a-47d5-9a69-6ccf33e5bf19	0.998436637852	41.7079303675	10.5512466582	9.03533099995	0.385501442833	1.48503692188	4.05470953187	0	8962	5	1	0.992652135963	0.99719	0.99273	FALSE	TRUE
111c7559-4b68-4ffe-8800-cb21b219d07f	0.999632150083	37.0062557498	9.8294825965	11.6369326093	0.470233788825	1.63500851789	4.20818070818	0	8531	4	0	0.0894920677461	0.95872	0.092189	TRUE	TRUE
1161a6f3-7e7a-42f7-bd5f-c2fe3f081fb8	0.999264300166	41.0025768452	11.0358331065	10.3451060519	0.412224584089	1.56265157639	3.98528579513	0	8809	4	1	-0.0384981172844	0.95776	-0.031651	FALSE	TRUE
11e8da5e-c5ca-43ed-8aa2-5e2b087b1881	0.998436637852	40.9218937091	10.8839396536	10.0653540777	0.437870401734	1.42902838864	3.82170978628	1	8573	4	1	0.997552398032	0.99601	0.99758	FALSE	TRUE
12a5fe62-7bc0-4372-be41-d1d0d261a276	0.998528600331	33.0751519617	10.3360226825	15.5890410091	0.453192347528	1.43457760314	3.89573991031	2	8734	7	1	0.990194595378	0.99468	0.9903	FALSE	TRUE
13334fbf-223b-47eb-8437-ebb0f2490e14	0.978940592238	37.8706434946	15.434057599	21.8878277241	0.540442417548	1.58439355386	4.00829875519	0	8449	3	0	-0.00140285664941	0.94181	0.00018256	FALSE	TRUE
13350610-68c7-447c-aab6-0736d4b459da	0.99871252529	39.5818600368	9.81057340321	8.61960102419	0.386395523841	1.48289421943	3.96466629277	1	8852	6	2	0.987761990158	0.99712	0.98788	TRUE	TRUE
14c83148-7812-4fa3-9b78-69c5d2f7c9d7	0.998160750414	42.7973097476	10.9112205491	8.97775724053	0.384558335226	1.37358343103	4.22276029056	1	8628	5	2	0.0209592126302	0.95665	0.022293	FALSE	TRUE
150969d6-5451-42b0-a12e-926412d6130c	0.999080375207	34.202595729	9.58052016361	12.8036085401	0.458481250963	1.43841584158	4.06538237011	0	8677	6	0	0.143339311051	0.95768	0.15056	TRUE	TRUE
158bffa6-569f-415a-855b-7f2409076430	0.999172337686	44.5545329038	10.0084636951	6.95369157581	0.512355064022	1.51593384429	4.09947337624	0	8715	2	0	0.997552398032	0.99668	0.99758	FALSE	TRUE
15e321e9-54a6-4b78-a221-fb9a6b4ae9f2	0.998988412728	34.3524808985	11.8724594443	11.6140889016	0.519370708532	1.53094462541	4.04188481675	0	8667	6	1	0.992657194095	0.99823	0.99274	FALSE	TRUE
16ea9c5a-6cb9-40d4-915c-968754f8266e	0.9973330881	33.9524204703	12.8456864221	15.3035871518	0.503736066712	1.52342158859	3.99710982659	0	8645	8	0	0.995101423975	0.99431	0.99515	FALSE	TRUE
17d5228c-d9c6-4231-87f0-46d0cd5eccaf	0.998988412728	41.8889809445	11.7919540587	9.83566684223	0.381635447542	1.58457605454	4.20160791589	0	8411	2	0	0.995104796063	0.9969	0.99516	FALSE	TRUE
189c4cc8-8b99-4153-bbc1-b305223e7257	0.999356262645	42.1705162418	11.4994169812	9.57782733761	0.378154846367	1.46372629843	4.11070559611	1	8402	2	0	0.992652135963	0.9949	0.99273	FALSE	TRUE
1a1003b4-99f0-44f3-a5f9-d2279de3c94d	0.999264300166	33.4003313087	12.0072703251	16.4680705278	0.539236027495	1.58013640239	4.16995073892	0	8396	1	2	0.997552398032	0.99594	0.99515	FALSE	TRUE
1a5a587d-bc79-4259-ad9b-a1169a7ca81d	0.999264300166	33.595067182	10.3405134783	14.8100121787	0.511312720211	1.55367709214	4.18310727497	2	8407	1	1	0.0576732421566	0.95687	0.056173	FALSE	TRUE
1aec964a-3c22-49ca-8013-ecd62faba5e3	0.999448225124	45.6358115569	18.3125256607	15.5840834631	0.46705241318	1.59176029963	4.13639070876	0	8624	9	1	0.997549588422	0.99756	0.99515	FALSE	TRUE
1c8738b1-d0f4-49c1-9284-1c303dcfa752	0.997976825455	35.4234242536	10.5033535337	13.0492674531	0.443540297973	1.4652532391	4.04114285714	3	8822	7	0	0.992652135963	0.99564	0.99273	FALSE	TRUE
1c987904-a5e4-401e-9fa5-b628dbfdbb51	0.999264300166	43.2985459231	12.1223953069	7.99408262608	0.516774843812	1.49502190362	3.99032441662	0	8768	9	2	0.995102643054	0.99675	0.9903	FALSE	TRUE
1cff77fe-c677-4794-924c-d0f27babcff2	0.999264300166	39.9399042886	12.760972612	8.48673152146	0.398446570747	1.46040816327	4.03446226976	0	8473	4	1	0.995101423975	0.99719	0.99272	FALSE	TRUE
1d8b3646-6a5f-4d7b-ade3-1124af30ffe1	0.99871252529	42.0732044199	12.0650889858	8.4419479009	0.386427012493	1.443359375	4.10788863109	1	8806	11	1	0.997550916687	0.99646	0.99516	FALSE	TRUE
1d916535-b68c-4c55-8e95-5916dbb3e8f3	0.998804487769	34.2290765123	10.9310519972	15.0106921458	0.479949827201	1.53330575093	3.9530162413	0	8539	1	0	0.995101423975	0.99668	0.99516	FALSE	TRUE
1e08343e-dbfe-457e-953e-2f60e0a73da0	0.99862056281	38.7513583203	9.30412705831	9.11373791113	0.392678758427	1.56144677353	4.0726420621	1	8659	5	2	0.997551724107	0.99719	0.99758	TRUE	TRUE
1e669ad5-3bf2-4839-860b-d4ff7e035fb7	0.999356262645	34.9028250667	9.58824404075	12.1669862402	0.444203260836	1.58002455997	3.97609561753	0	8743	4	0	0.987761990158	0.99653	0.98789	TRUE	TRUE
1e8b9545-81f1-4267-8ef5-9d62d3984a9d	0.999264300166	42.3099576661	10.8691752833	8.30746704396	0.481105818286	1.46344386736	4.08450704225	0	8664	7	1	0.0307496205039	0.95791	0.036813	FALSE	TRUE
1f42769e-9638-43e6-b75a-f8b49e61541d	0.999264300166	32.0553101417	9.32457530608	14.3526118105	0.534813091008	1.54065208419	4.07337278107	0	8574	5	0	0.995101423975	0.99638	0.99516	TRUE	TRUE
20a9fd86-0a0b-442f-88aa-5fbfb444a033	0.999080375207	39.2202687776	9.25204419962	9.35855653796	0.41782318903	1.44599442009	4.08711006474	0	8643	5	0	0.990209592126	0.99564	0.99031	TRUE	TRUE
21e76eca-fe7c-49e7-8aa1-bd60eed33f3e	0.998896450248	69.7552936844	12.9911927541	4.70844486026	0.296410183191	1.49390003935	3.92674805771	0	8878	5	0	0.995104796063	0.99786	0.99516	FALSE	TRUE
2232edf4-8147-46c9-b0cd-f2cff5c13a46	0.998436637852	32.2128580639	10.1538550469	15.9781798837	0.458273643094	1.56502242152	4.04270051933	1	8739	7	0	0.992652135963	0.99564	0.99273	FALSE	TRUE
22e9044b-0127-465a-9aa1-59efbd1fa10c	0.998344675372	40.3216654385	11.119919556	9.53699075688	0.410387905091	1.46957204554	4.07940161105	0	8828	7	3	0.0283020185355	0.95754	0.034393	FALSE	TRUE
2317aa97-9229-4ede-9ade-b03b14e96e84	0.999356262645	52.0019324561	10.9598469046	5.22268830822	0.391262114172	1.48401278977	3.96807297605	1	8714	3	1	0.995104796063	0.99638	0.99516	FALSE	TRUE
245e29a2-9a14-46b4-8d55-9515c1709de8	0.999264300166	38.0684704583	11.7432933266	9.13620549092	0.479899176754	1.47876602564	4.03714451538	0	8679	3	1	0.995104796063	0.99801	0.99032	FALSE	TRUE
24ca8c2f-d4ea-45dd-b8ee-99323d63b53d	0.999172337686	52.8067188219	13.5422711235	7.29205550193	0.365331692647	1.22994652406	4.04682274247	2	9054	6	2	0.992657194095	0.99594	0.99031	FALSE	TRUE
26c48016-8515-46da-9dac-4ae62feeea97	0.998804487769	39.6582266826	10.8904334652	10.222714378	0.434508353969	1.12117086453	4.00491534681	3	9164	5	3	0.995101423975	0.9949	0.99515	FALSE	TRUE
26c58449-fa1a-42c7-bb57-2d76d16e8ed6	0.998896450248	31.5954704474	8.814390075	14.6971562029	0.4937265446	1.46449588074	3.97070422535	1	8823	7	2	0.997552398032	0.99719	0.99758	TRUE	TRUE
27459225-4cdf-48f7-a8d8-e3cc598b624c	0.999356262645	36.9769945707	14.1851597983	11.3007757968	0.492687990691	1.45640819606	4.2273556231	0	8599	4	0	0.995104796063	0.99852	0.9879	FALSE	TRUE
27d68687-3dd3-499a-a5b2-3a56e9c016fb	0.998436637852	40.8498664456	10.9188237973	9.59968308279	0.407401312882	1.53009630819	3.98808172531	1	8789	9	2	-0.00351680705402	0.95724	-0.0091683	FALSE	TRUE
28039f08-2240-465b-987c-f840ed134f21	0.999356262645	35.7496089077	8.99977856152	11.5867374234	0.428549429812	1.51010509297	4.07899356349	0	8680	6	0	0.060120844125	0.95746	0.058594	TRUE	TRUE
287d6554-244e-4ff4-99ca-92b270836025	0.998160750414	30.3243044039	9.10354643138	17.6912973982	0.477247159579	1.44776119403	4.0200228833	0	8775	5	1	0.0300819470646	0.95584	0.036157	TRUE	TRUE
28e97db2-5ac7-4ff7-882e-e35ed67551e7	0.99862056281	30.3284832858	8.168337232	15.9425579839	0.495963263559	1.49739478958	4.12573443008	0	8724	1	1	0.992643190618	0.99527	0.9903	TRUE	TRUE
294bd740-3e94-450a-84a4-77222cf59743	0.999264300166	35.8598380269	9.89227608806	11.6120974169	0.499399551687	1.65744083434	3.8499201703	5	9113	6	1	0.162920126799	0.95827	0.16508	TRUE	TRUE
29e19e8a-76fc-41e6-bbd0-4476d8165621	0.999080375207	34.915960972	9.85262478002	13.873099862	0.469338249563	1.47752365931	4.09595375723	0	8816	4	0	0.992652135963	0.99572	0.99273	TRUE	TRUE
2a0f3320-c2c6-44b4-825b-e26ebfdc4250	0.999080375207	36.5241163476	11.0534902487	12.8338365193	0.532856293311	1.49392220421	3.99536500579	2	8622	2	0	0.0276326590521	0.95791	0.028892	FALSE	TRUE
2aec5dad-110e-4e37-a013-42643b1084bd	0.999632150083	37.704323827	9.39085707355	10.3554204812	0.444826549057	1.48069345942	3.90823136819	1	8825	9	2	-0.0230976228014	0.95827	-0.026109	TRUE	TRUE
2b1f424d-ee67-4432-8cd5-35bbd9fd24ee	0.999448225124	38.7484357748	10.0979114632	10.2962427852	0.47238243868	1.54692556634	3.98407281001	0	8762	8	0	0.0380924264092	0.95665	0.043772	FALSE	TRUE
2b2d1e99-0da8-4ae7-afc7-4ef4d767eb1f	0.998896450248	46.2790462162	11.4404191403	8.30439045404	0.40868241804	1.56856324192	3.93597733711	0	8712	5	1	0.987761990158	0.99616	0.9879	FALSE	TRUE
2bc0305d-cb33-433d-805e-d96479486840	0.999540187603	39.5927868249	11.7424350141	8.31068214992	0.376515954461	1.53718321562	4.04267931239	0	8507	7	0	0.995104796063	0.99756	0.99516	FALSE	TRUE
2bd1dadf-b27b-4f34-aa7f-7180b1fc2ccc	0.999632150083	33.7641214351	10.0569912675	14.1343731881	0.514956997436	1.27654867257	3.99943693694	0	8879	6	3	0.226557777978	0.95798	0.23257	FALSE	FALSE
2bd6bb91-10ea-4687-a8b1-e2e629dbf071	0.99871252529	43.0901473297	11.5207025831	9.53966704814	0.441538565977	1.21451670859	3.92235682819	4	8939	7	2	0.995101423975	0.99557	0.99514	FALSE	TRUE
2cad2261-be45-4e9e-8708-68dadfb1870f	0.99871252529	33.9636279926	9.20108205392	13.5841427631	0.494267596047	1.48633440514	3.97475616753	0	8671	3	1	-0.099730317596	0.95621	-0.097421	TRUE	TRUE
2cf3cdb8-ab70-4be0-bd3d-03c7627d9fd7	0.999448225124	41.0174825175	10.3162394106	9.23506773017	0.476746711534	1.59856479527	4.04558910598	0	8522	2	2	0.032531235077	0.95672	0.038579	FALSE	TRUE
2d7b6120-679f-4813-8e6c-93297bdd42d5	0.998804487769	45.6040880214	10.8656177828	7.02457489625	0.363209587829	1.60342666109	4.02390670554	0	8616	7	0	0.992657194095	0.99594	0.99032	FALSE	TRUE
2da53168-2ae2-43a4-b0a8-89d9bff909d6	0.998804487769	38.6786667894	9.63522404078	10.6415972497	0.480606758033	1.49226384365	3.95720069404	1	8571	7	1	0.995104796063	0.99535	0.99516	TRUE	TRUE
2e068310-a16a-4253-a0a9-924fd3b238fd	0.999172337686	34.4836631385	10.394825743	13.4196368958	0.461024596494	1.412056467	4.03720405862	1	8936	7	1	0.0968348736514	0.95739	0.10215	FALSE	TRUE
2e6e0a40-6d9d-40e2-b6bb-7b226cc131e0	0.999632150083	48.9217111316	10.4347024532	5.40755166537	0.383445158442	1.86690975387	3.95327102804	1	8480	5	1	0.992657194095	0.99623	0.99273	FALSE	TRUE
3009f3a8-a566-4811-b91b-a44a15e485a5	0.999172337686	39.1328117809	11.8548956398	28.4680817307	2.28645418244	3.42401021711	4.01004134672	0	8482	12	1	0.0552256401882	0.99705	0.052345	FALSE	TRUE
31286f1f-324b-4d21-aa6f-c16bf4657dc3	0.99871252529	41.4158379374	11.2925849458	9.80824105769	0.430507800152	1.4441362916	4.00634005764	0	8686	6	2	0.992652135963	0.99638	0.99273	FALSE	TRUE
321e687a-4aef-4b15-92d0-fdf04c4c4c67	0.99871252529	27.7939226519	9.48245835598	19.8389358338	0.554224217401	1.43688940993	4.06862745098	0	8789	8	0	0.99020284795	0.99328	0.98787	TRUE	TRUE
329e391a-1563-4eed-8e4a-4563a3fef0a9	0.998528600331	36.2435991895	13.7060645546	10.3171766162	0.398136612814	1.40633554947	3.99942561746	0	8704	6	0	0.00627360081968	0.95658	0.0077721	FALSE	TRUE
32ee6f58-cb31-4574-b8ff-894b86f7239e	0.999816075041	36.3763796909	10.624034624	12.6624479161	0.515219861453	1.63667232598	3.95717592593	1	8566	4	0	0.00872120278811	0.95761	0.013566	FALSE	TRUE
3314e9ea-97eb-4de5-b4ec-3bb568308016	0.998896450248	41.9596759345	10.6921241519	8.52090078596	0.36593535975	1.480731029	4.00343053173	0	8751	9	2	0.995101423975	0.99616	0.99516	FALSE	TRUE
33cd7a5c-5818-464d-875a-9865aff34566	0.999356262645	44.679580381	13.2719996213	6.86044380021	0.447724770121	1.54485866448	4.05318527177	0	8646	5	2	0.992652135963	0.99778	0.98789	FALSE	TRUE
34092b3d-b9f2-4d6e-a789-dcfb6ea3f24e	0.998252712893	42.8838323353	11.2563959507	7.70340653694	0.454091430067	1.49367088608	3.98756359525	0	8823	8	3	0.995102643054	0.99646	0.99274	FALSE	TRUE
3421b805-5543-46be-9930-0b60b2f29968	0.997976825455	43.2057685219	12.2975890541	9.76329240865	0.494382196697	1.34599627561	4.04496908375	0	8975	6	3	0.995101423975	0.99424	0.99515	FALSE	TRUE
357a79db-0757-43da-b978-79695e70b8d4	0.999448225124	38.7395104895	10.2074432949	10.5472740908	0.478250062459	1.52825449979	4.1352833638	0	8427	4	0	0.997552398032	0.99764	0.99758	FALSE	TRUE
360703f2-db35-40b9-8ce5-ccc32995d22e	0.998988412728	41.0105863942	10.5175374317	8.77239589538	0.419209007919	1.18479033404	3.90580503834	2	8958	2	2	0.104177679557	0.95746	0.10567	FALSE	TRUE
36fc8cd7-9133-4a5e-8dd2-51a5524049c0	0.999448225124	47.1374677954	10.9028847111	6.93520668643	0.37286515219	1.43849206349	4.15229030339	0	8661	3	2	0.997552398032	0.99646	0.99758	FALSE	TRUE
371e4278-0d7a-48e5-a70a-b8ecd64a4288	0.998804487769	21.5911978639	9.10374035422	24.6038562805	0.697122815447	1.56081632653	4.06565950029	1	8718	7	1	0.00627360081968	0.95695	0.0077721	TRUE	TRUE
38a27c1d-215f-4d9d-b368-c24a43d80343	0.999356262645	39.4722554523	10.1578069556	9.79033672219	0.463312271999	1.47603705195	4.07289829512	1	8629	3	0	0.992657194095	0.99675	0.99273	FALSE	TRUE
393cdb49-acab-4528-b99b-a70a015c9d78	0.99862056281	44.6861589465	11.2891344061	8.1186991654	0.374461858993	1.50510829587	4.04888103651	0	8573	5	1	0.992641392688	0.99542	0.99272	FALSE	TRUE
3af9e260-d214-4c4e-a62a-064c37118d40	0.998988412728	30.2121881616	9.50861132063	16.9007560066	0.496514019985	1.38723082735	4	0	8960	5	1	-0.037783234612	0.9565	-0.033369	TRUE	TRUE
3b0cfe95-4c97-4cf0-ad35-1e8c135726a6	0.998988412728	34.4406701648	9.2552435654	12.1464679534	0.445474669606	1.61081304168	3.99200913242	0	8746	7	0	-0.0639299086022	0.95798	-0.059214	TRUE	TRUE
3b291166-7fa6-4429-ba77-5fe3f4bbcd20	0.99871252529	33.9244935543	12.0060147783	12.0894257219	0.488180714307	1.54981242184	4.16130988478	0	8511	5	0	0.995104796063	0.9969	0.99516	FALSE	TRUE
3bfda598-6eed-4bed-aa88-231f4b86f8f0	0.999172337686	30.9048320295	9.39555463871	17.1255789285	0.506052941963	1.44783616692	4.05612244898	0	8919	4	1	-0.0133072149277	0.95791	-0.0067483	TRUE	TRUE
3c61e16f-012f-401f-9867-694d6e5c5eb5	0.999448225124	34.7476076555	8.87214778047	12.3178126431	0.456378935953	1.55195624737	4.13694461351	1	8440	5	0	-0.0255452247698	0.9582	-0.021269	TRUE	TRUE
3cf8a531-ccb0-4fae-b2d2-cfbd6890fa63	0.999080375207	41.0651693667	10.390213707	8.67529647697	0.398216940487	1.51756156641	4.07342657343	0	8706	6	1	0.992652135963	0.99417	0.99271	FALSE	TRUE
3e4e9ca6-363b-4644-ac9e-0ae3311ae9ff	0.999632150083	47.8915363385	10.8184189989	6.82021324289	0.359954406881	1.53051058531	4.01179245283	0	8500	5	0	0.995101423975	0.9983	0.99516	FALSE	TRUE
3f3755d0-c4c5-4bd2-8f54-473fbf2d75e8	0.999080375207	32.6139543446	12.246993727	15.8556741554	0.482231585213	1.47360063517	4.05257076834	1	8746	4	1	-0.0709033042841	0.95768	-0.066111	FALSE	TRUE
3f71ad4c-1ec9-4c4e-9286-3f081a0469c4	0.997517013059	31.3690421315	8.22164452959	14.8300036856	0.475907703618	1.46126340882	4.01440092166	0	8705	7	1	0.992650167577	0.99535	0.99272	TRUE	TRUE
404a1cb8-e3fc-4f27-9a0a-b481ecb9b86b	0.998528600331	36.0385890588	9.22210554713	11.4753207701	0.397562446851	1.47298919568	3.91836734694	0	8676	4	0	0.992652135963	0.99498	0.99272	TRUE	TRUE
404f3146-1685-4b2c-9085-c06c9f072895	0.998988412728	32.7925987296	12.3894790934	15.4069912193	0.519651645046	1.46924004825	4.19770946353	1	8623	4	3	0.992643739269	0.99734	0.99273	FALSE	TRUE
41edaeb3-dc41-40ec-985d-bcce2de1cb95	0.998896450248	41.0963910882	9.31723712355	8.84684181159	0.406899563761	1.4339023422	4.0273255814	1	8647	3	2	1	0.99623	1	TRUE	TRUE
425faf4b-863b-44df-966c-d13da9eede12	0.998896450248	31.4024120788	8.80310021805	14.8653774891	0.463378672648	1.49184241942	4.05940023068	0	8773	2	2	0.990197681425	0.99705	0.9903	TRUE	TRUE
4466da26-a885-427a-afad-090055314f65	0.99862056281	35.1481720232	9.76540646295	12.7008963247	0.46111591741	1.38114306516	4.01513513514	3	9278	9	3	0.20697696223	0.95613	0.21327	FALSE	FALSE
44729fc9-e3fb-43b4-a073-85011bd2c2ca	0.998804487769	37.8978915385	9.51091891722	11.166791482	0.433533142333	1.59764309764	4.24049079755	2	8542	6	2	0.128653699241	0.95724	0.13233	TRUE	TRUE
44740cb6-0d86-40dd-aad4-34628b29e6ed	0.99862056281	17.5696657151	9.14135772316	29.6280786263	0.841252407431	1.52459016393	3.94594594595	2	8601	1	1	0.000694584625839	0.9551	0.0028519	TRUE	TRUE
44a0d45b-ffdf-4f42-9b1a-9ede46f9e557	0.999356262645	34.0673598969	10.2849289613	14.9034224623	0.439262717542	1.59910093993	4.12100058173	0	8803	5	0	0.992657194095	0.99697	0.99032	FALSE	TRUE
44aba8d5-7a59-4ed6-9c1b-2ca435f7f739	0.999540187603	35.6067715521	11.0043498856	14.964425771	0.446940363313	1.49489170413	4.06939501779	0	8547	4	1	0.0674636500303	0.95724	0.065854	FALSE	TRUE
45000a71-9c35-4de9-8d86-faa405b5c308	0.999172337686	38.817947538	11.2753019668	12.2289176869	0.481037054428	1.51868770764	3.99057159694	1	8469	5	0	0.0307496205039	0.95776	0.031973	FALSE	TRUE
4600aba9-aa86-4514-87fe-62ef2de098f6	0.998896450248	39.2505063524	12.0895943859	28.0895008572	2.00677069832	2.27497477296	3.94045534151	1	8463	10	2	0.463975168915	0.99682	0.46195	FALSE	FALSE
4747bd84-296d-4873-91d0-f3ee74ba647c	0.998896450248	37.6734487203	11.9128004764	9.41755320605	0.447678237739	1.49523052464	3.84878587196	0	8786	7	1	0.997547710906	0.99742	0.99758	FALSE	TRUE
476830c8-84ac-4270-b2c2-f48925772bdc	0.999540187603	41.6351090257	9.58482543827	7.88329612843	0.384420366818	1.50310559006	4.12424242424	1	8455	4	2	0.995104796063	0.99771	0.99516	TRUE	TRUE
4852ef19-7c53-4696-92ee-c0dc558298b1	0.999632150083	32.6962281509	12.5505892404	16.6000179249	0.447136641089	1.41961095673	4.0795990566	1	8615	0	0	0.0614279964741	0.9585	0.06473	FALSE	TRUE
4883eb45-b3a4-45cb-9add-462e8eec12e1	0.997884862976	33.417473044	13.489346828	13.3637788529	0.463872336068	1.47081864473	3.86381109281	0	8857	3	1	0.995095460412	0.9966	0.9903	FALSE	TRUE
4896c96c-a2d1-4028-8a37-15983a225cb3	0.99871252529	31.7052486188	8.88114428625	14.7292850661	0.444681444114	1.52429563087	3.98612716763	0	8626	5	0	0.995104796063	0.99653	0.99516	TRUE	TRUE
4a641479-c542-4ae1-a4d2-bb1639b5e14a	0.999172337686	50.4529222273	11.4651643081	6.85469275539	0.478773581594	1.413671875	4.01896551724	0	8733	5	1	0.99020284795	0.99675	0.99031	FALSE	TRUE
4abdb746-24af-4dbb-a478-f626cf3babe0	0.998896450248	39.2822684588	11.7772025928	9.6236840619	0.421578572444	1.43762145356	3.94901960784	0	8834	9	4	0.995104796063	0.99786	0.99274	FALSE	TRUE
4c2a0c59-d5cd-4b19-a835-535390fbffb9	0.99871252529	41.5684162063	11.4304533582	9.5489898222	0.399860171743	1.44746162928	4.04726224784	0	8757	5	0	0.0185116106618	0.95613	0.022035	FALSE	TRUE
4cdb4af7-2d87-4eff-bbce-a835983b8c0f	0.999356262645	32.7449158001	12.1987275697	15.2081183552	0.515951537559	1.48716920609	4.09431751611	0	8696	4	0	0.0111688047565	0.95672	0.017193	FALSE	TRUE
4d143d80-b3f4-4a93-a0ff-e09f4dcd05c9	0.999080375207	38.2372054492	8.95264358135	10.521073367	0.460980575726	1.46739130435	3.94186046512	1	8925	9	1	0.0234068145987	0.95813	0.027133	TRUE	TRUE
4d28b4bf-9c3d-4196-ad04-aabce0fafe4f	0.999632150083	39.4502714141	9.55496214833	9.40046980937	0.462319912914	1.44215530903	3.91176470588	0	8684	3	2	0.111520485462	0.95798	0.11668	TRUE	TRUE
4d47b4dd-f374-4acf-8757-c2de086b1209	0.999724112562	44.0667831846	12.2377917383	7.39712712495	0.468339510695	1.50749898662	4.12566686426	0	8647	5	1	0.995104796063	0.99727	0.99032	FALSE	TRUE
4debfd09-a788-4190-b9cc-bf6ca3e787cb	0.999080375207	35.7593888071	9.43601544879	12.5060066691	0.433380535974	1.404296875	4.06569767442	0	8713	8	0	0.990209592126	0.99439	0.99031	TRUE	TRUE
4e49834f-0175-4955-81cf-0bec3b102018	0.99871252529	36.3572744015	11.8777992739	15.4766978636	0.472726814001	1.52563059398	4.01389693109	0	8659	7	0	0.0393727796811	0.95761	0.047769	FALSE	TRUE
4eb96a91-4c66-4d38-ab75-ed293716b81f	0.998344675372	47.277266028	11.6747300202	7.44105828297	0.34157989222	1.63222131814	3.95833333333	3	8925	3	0	0.995104796063	0.99631	0.99274	FALSE	TRUE
4f141059-5359-4345-8be1-448ffc714998	0.998896450248	41.4697109188	11.4798645098	8.48840726293	0.478516361433	1.1346824843	4.01228364042	0	8977	8	2	0.995104796063	0.99801	0.99274	FALSE	TRUE
4f423e6d-dd61-4709-ac32-77aa21e99a36	0.99871252529	34.2600368324	9.56993092447	12.7625725874	0.50426348131	1.23405823811	3.9937357631	7	8769	5	2	0.995101423975	0.99594	0.99515	TRUE	TRUE
4f8b57a6-abe3-40cb-92b4-e1c623a2d631	0.998436637852	40.4481901078	10.078311341	8.71238462645	0.383849186012	1.53419147224	4.07687861272	0	8783	3	0	0.997550711988	0.99513	0.99758	FALSE	TRUE
4fe313f7-82b7-4740-b30d-8ab3688079de	0.998988412728	44.8162570192	10.3529148237	7.38392279595	0.356072217435	1.47739095638	3.8923943662	0	8684	8	1	0.992648203249	0.99682	0.99273	FALSE	TRUE
4fe6d06d-9864-47ee-a0ac-14fc6226fe30	0.998436637852	39.4019526573	9.56318640795	9.53761781701	0.42954462844	1.49879227053	3.95550484883	0	8687	5	0	0.077254057904	0.9565	0.084973	TRUE	TRUE
502cf248-0512-4ea6-9bbb-bd1efe002cd2	0.999172337686	37.5549930971	10.579096998	12.2841111987	0.473670908571	1.56741108354	4.06639247944	0	8623	1	2	0.0625684460934	0.95562	0.067735	FALSE	TRUE
505fff13-e2dd-4963-a951-22f649854aab	0.998988412728	43.3531252877	17.4933119646	14.8980828936	0.525465738222	1.42298937785	4.04649859944	0	9008	14	1	0.99020284795	0.99727	0.98789	FALSE	TRUE
50c3d6fc-e0e0-4003-b03c-ccc665f0db20	0.999448225124	36.2158630843	10.9713867542	13.8492248144	0.462338310847	1.46852589641	4.01903114187	0	8703	3	1	0.0153862189898	0.95776	0.014361	FALSE	TRUE
522ecf95-fc16-4d45-92f7-360c6642f1db	0.999356262645	41.6530781264	9.67323919402	8.53342887313	0.427602450809	1.49011698265	4.01158748552	1	8650	2	0	0.995104796063	0.99771	0.99516	TRUE	TRUE
536a2629-ca04-4d02-bec0-6fbfccecfa06	0.999172337686	37.1720202485	9.78799425273	10.5561606522	0.457747642882	1.48793242156	4.0719719134	0	8668	4	0	0.990197638288	0.99712	0.99031	TRUE	TRUE
53f2f943-17b4-4365-9550-d032c91a6858	0.999448225124	39.7972027972	9.72531762959	9.44034202267	0.450714860208	1.56836902801	4.07147041593	0	8657	7	1	0.995104796063	0.99801	0.99516	TRUE	TRUE
548dec82-ba55-4646-9d40-f01d967c4324	0.999080375207	39.9322533137	9.26705597477	8.8701432949	0.411278596653	1.49288328589	4.10773809524	0	8581	6	3	0.0571029246104	0.95761	0.055609	TRUE	TRUE
558a6394-5500-4d30-94e4-2a50d6285490	0.999816075041	41.7647167035	11.6139384987	7.81891076927	0.379419730279	1.63281919452	3.99469339623	0	8471	9	0	0.995101423975	0.99823	0.99031	FALSE	TRUE
561d3ccd-9134-4f92-a534-7ce8c8f6eddf	0.99871252529	42.1111418048	9.78506045401	8.06436115179	0.376026747559	1.41311093871	4.02572898799	0	8790	9	1	0.0331972224724	0.95532	0.039233	TRUE	TRUE
56b1bae0-a6ab-4a70-a778-d0d272b157e8	0.999080375207	30.9873895434	11.0244292612	18.5821628944	0.466376965787	1.51970136873	4.14936247723	0	8481	4	1	0.077254057904	0.95805	0.080374	FALSE	TRUE
57578ed2-5369-4b69-98e2-24205f8e415a	0.999172337686	41.4742751956	12.2932756357	8.83209059897	0.40878050084	1.45989096573	4.02491506229	0	8874	13	0	-0.0286149913341	0.95687	-0.024301	FALSE	TRUE
5774c5ac-ec80-4909-bd18-f97f3462ba50	0.998988412728	37.2283899475	10.7453959216	12.0130032263	0.460982679796	1.45314353499	4.06968641115	0	8730	7	0	0.0454352323145	0.95805	0.046493	FALSE	TRUE
5799a7c9-15fb-4dd6-b4f2-cc8a6ae8525c	0.998896450248	40.3816976616	9.90489428118	8.71831479295	0.436148171948	1.50693877551	4.25061124694	0	8590	4	2	0.992657194095	0.99682	0.99274	TRUE	TRUE
57c698cc-ae3f-47ea-af52-61df2d358adb	0.99862056281	36.9044110876	10.0772720323	11.4277010876	0.467184870257	1.24483882651	3.95462091865	2	8953	8	3	0.99264410496	0.99483	0.99273	FALSE	TRUE
57fc749b-5b4d-4369-ab1a-16cce784e6d0	0.998804487769	35.98269036	11.0014719985	13.6402016628	0.526858243761	1.47425149701	4.08894090111	0	8697	6	1	0.0307496205039	0.95768	0.029553	FALSE	TRUE
59810687-4b3b-464d-a335-b6d50ce8dd98	0.998896450248	38.8266433438	10.2847623559	12.0680726367	0.516035424698	1.5771287536	4.01674364896	0	8689	5	2	0.982866786221	0.99756	0.98306	FALSE	TRUE
59851cb6-bf93-493e-9f6f-0f6373c2bcd5	0.99862056281	39.1944009577	11.2213889882	11.6512082155	0.409522901232	1.41273584906	4.02956521739	0	8676	7	0	0.997550711988	0.9966	0.99516	FALSE	TRUE
59b03bda-27ce-4b9d-bb7b-74f692945fca	0.998988412728	33.7381938691	11.1832148232	12.4617037361	0.533251961675	1.5234025234	4.04489795918	0	8652	6	1	0.995104796063	0.99646	0.99516	FALSE	TRUE
5a8117a5-bbc8-4897-a84c-043c146067a7	0.998804487769	36.1642574349	9.49413323825	11.7479960448	0.450086913912	1.49473257699	4.03210741389	2	8620	5	0	0.997552398032	0.99638	0.99516	TRUE	TRUE
5b22d721-7473-4d52-b461-a7c89270ed55	0.998804487769	33.3643310929	12.0845216519	14.7346920732	0.495888075387	1.47026169707	4.03279631761	0	8747	6	0	0.995104796063	0.99705	0.99274	FALSE	TRUE
5b42c9f1-b8ed-43cc-babd-eb1e84ffcc55	0.998344675372	30.740880619	9.53190593558	16.0029928875	0.503079193958	1.49052880821	4.01759364359	0	8841	6	0	-0.0255452247698	0.95658	-0.026109	TRUE	TRUE
5ba29215-6c2e-484f-b918-ebb54509676b	0.999816075041	44.3348969831	11.3325040279	7.96157934961	0.43081542272	1.51763740771	4.08120924718	1	8572	4	0	0.990194853158	0.99793	0.99031	FALSE	TRUE
5bb11ad6-5161-4a6a-8bae-837da799c735	0.999356262645	40.1124505383	9.99031732131	9.08570050716	0.442762574421	1.52974504249	3.96241457859	0	8714	10	1	0.992652135963	0.99749	0.99273	TRUE	TRUE
5bc11e8c-0706-4700-8511-84a49d8f4ca0	0.998436637852	41.9790918302	10.6761217557	9.36667876566	0.405651629268	1.49898989899	4.09658421673	0	8654	7	0	0.995104796063	0.99719	0.99516	FALSE	TRUE
5c05cf9e-fc9d-4aa9-aa5b-10c8bf5fca09	0.997241125621	39.9842309111	10.2446120083	8.9048636734	0.405574189124	1.62787828947	4.03424657534	0	8820	3	0	1	0.99387	1	FALSE	TRUE
5c3b53c7-1c37-4014-801c-da9835899c26	0.999448225124	35.8753220464	9.55876994902	11.9547642409	0.435808643402	1.39478727482	4.0433048433	1	8851	5	1	0.0307496205039	0.9582	0.034393	TRUE	TRUE
5d3584d6-6b91-4845-831b-b8ae7c842d8d	0.999540187603	39.5108105621	11.2656673895	11.2449215237	0.466114430028	1.45048309179	4.1484375	0	8567	5	0	0.990209592126	0.99749	0.99032	FALSE	TRUE
5d3d947d-bd87-4949-9a74-3c267d006fab	0.999632150083	41.8315547378	10.0063851589	8.92673493653	0.500371175013	1.55578512397	4.14166168559	1	8602	3	0	-0.0157548168961	0.95776	-0.011588	FALSE	TRUE
5d7a3d6d-3d9e-41b5-aef8-6f98ec818b0e	0.99862056281	33.6690302974	9.93208587167	13.6196157679	0.45440617219	1.46004746835	4.10753945061	1	8739	7	1	0.0234068145987	0.95717	0.024713	TRUE	TRUE
5e68a30a-c1f4-4677-81b8-2e507026b6e7	0.999356262645	52.9882212202	13.1260864964	7.12262289335	0.367928095742	1.48925159236	4.03797468354	1	8756	10	2	0.995104796063	0.99572	0.99516	FALSE	TRUE
5e73a26b-4dc0-48fa-90a6-44b6da6fb580	0.997608975538	37.5601032448	11.1123785447	14.6299475585	0.436512463326	1.45656485522	4.02713625866	0	8707	7	1	0.0748064559356	0.95613	0.077954	FALSE	TRUE
5f30212d-191a-48bf-bb3d-b40503ff829e	0.998988412728	40.2087821044	9.34668080488	8.54567768959	0.371586649409	1.50080385852	4.07226107226	1	8704	8	1	0.0160640086934	0.95695	0.015032	TRUE	TRUE
5f48aa08-987d-4419-b4bd-4c1ec3998bbf	0.998528600331	32.6099650028	9.5710410144	13.5169078904	0.434742139376	1.68095630668	4.08665906499	3	8922	9	1	0.0503304362513	0.95672	0.048913	TRUE	TRUE
5f900ed3-dda0-4467-8db1-39c9d877c379	0.998988412728	35.0264199577	10.9963356498	14.9295443859	0.493047175994	1.47332531087	4.06912712361	2	8653	4	2	0.0552256401882	0.95791	0.065854	FALSE	TRUE
61ac0832-6255-495a-b072-7a0415918b56	0.999724112562	40.580719345	11.5233858069	23.4990504032	1.23729835508	1.84176926585	4.0214797136	0	8416	9	1	0.530060422063	0.99793	0.53293	FALSE	FALSE
620a0dad-4657-4eec-8d0e-5e906a10d9d7	0.997700938017	33.2444464928	9.46942398402	13.7170451617	0.422498611989	1.475944334	4.11892208553	0	8738	6	0	0.992652135963	0.9955	0.99273	TRUE	TRUE
62abebf7-3b0c-402f-89c7-aaea5214790d	0.998896450248	38.6803535261	9.5983516595	9.93127568713	0.462847498909	1.48531187123	4.01100173712	0	8654	5	3	0.995102643054	0.99668	0.99516	TRUE	TRUE
6316306f-b8d4-444e-84bb-3ed0b5a34608	0.999632150083	40.9058877645	12.2469857102	7.42926540375	0.401862561406	1.48841059603	4.08267954134	0	8422	3	3	0.995101275768	0.99631	0.99272	FALSE	TRUE
636ae8b4-fab3-4311-89a7-f918a4e6ad90	0.998896450248	46.0322224268	10.8533974689	7.10542965983	0.405532374485	1.64411764706	4.16815742397	1	8667	7	2	0.995104796063	0.99675	0.99516	FALSE	TRUE
6424b148-b05d-4603-84fb-c79c0e3a444c	0.99871252529	31.5525782689	12.0304439548	16.5297566039	0.471496093288	1.5204799338	4.25587144623	0	8504	7	1	-0.0133072149277	0.95739	-0.021269	FALSE	TRUE
648cb9a8-e28a-4af7-b1a4-53c0aae24a16	0.998896450248	39.5350764132	10.056442333	9.17673751864	0.4646524986	1.13665008292	3.85061601643	7	9449	9	1	0.233900583883	0.95584	0.23526	FALSE	FALSE
64ab27cc-9f22-4791-a5b7-ad0d13c98a1d	0.999080375207	34.8472017673	10.1461084034	13.0991450613	0.547663285988	1.40174355249	3.9586645469	5	9357	9	2	-0.112563158226	0.9582	-0.1073	FALSE	TRUE
654dbc4a-cfc9-4f0f-985e-d37c2dd98994	0.999540187603	41.3511822615	12.0729166612	6.90383074062	0.377375212365	1.4102056962	4.08559622196	0	8615	5	1	0.997551724107	0.99778	0.99274	FALSE	TRUE
654f1ca7-fc71-4f85-b305-9e6106741045	0.997608975538	39.4649705015	9.81445062527	9.28168823812	0.447422362569	1.49037279803	4.01649970536	3	8513	7	1	0.995104796063	0.99572	0.99516	TRUE	TRUE
65982fd7-9955-4b0c-b661-00d0e9ad74f0	0.999080375207	23.2066458027	9.270605955	22.8840142622	0.656648676633	1.55858747994	3.85745614035	0	8860	6	2	-0.0850345895212	0.95517	-0.08798	TRUE	TRUE
65e7bf7e-5f31-4470-b58c-2c3a87d4eae7	0.999540187603	35.0544668323	10.4739896004	13.0224439214	0.450777310894	1.50982800983	3.86257808064	0	8563	5	3	0.992644235761	0.99668	0.99272	FALSE	TRUE
6623f334-db4c-4ae3-85c4-a4272fcab600	0.999632150083	44.2079116835	9.90905340732	7.31754061603	0.354167357957	1.56158049601	4.1881127451	0	8467	6	1	0.0160640086934	0.95879	0.022293	TRUE	TRUE
668b5a09-a705-4074-a9e1-62010639a10a	0.998988412728	39.0246709012	10.2601590297	11.3894602431	0.42634373846	1.56541477507	4.1380952381	0	8632	7	1	0.16047252483	0.95754	0.16508	FALSE	TRUE
668c0f6f-31e9-47ff-b303-7f33be21339b	0.999172337686	50.2278877128	10.8932643202	6.56960832932	0.416874996905	1.55322580645	3.98584371461	0	8805	6	2	-0.0647068562646	0.95887	-0.05999	FALSE	TRUE
66eda0ea-f607-43c8-a5c4-f279df5bf823	0.999356262645	34.035796448	10.3731390134	14.174541799	0.488706013004	1.67266638761	3.97616345062	1	8768	7	0	0.0845968638093	0.95783	0.085214	FALSE	TRUE
670a464c-dd4f-4ad2-a04f-f983377cb243	0.999632150083	43.1264949402	10.6131138156	7.83903920088	0.544945096858	1.44134954884	3.94250281849	1	8768	5	0	0.992652135963	0.9966	0.99273	FALSE	TRUE
680abed1-ec5f-4d43-9022-69a99a174fb9	0.998528600331	29.3651685393	9.56273267488	17.5163976419	0.527292338999	1.33036707453	3.99110122358	1	8974	7	2	0.253029589626	0.95709	0.25175	FALSE	FALSE
683b7014-0527-4dbe-a7f6-2d10405fead0	0.997517013059	39.47312621	11.6773166046	12.3603106568	0.430897123191	1.40015302219	4.05233219568	0	8882	6	0	0.0845968638093	0.95643	0.075534	FALSE	TRUE
68597a0f-67f3-4d7a-97fb-2afe6539e67f	0.99871252529	29.2291896869	10.0612056349	19.0154108591	0.549059692039	1.40626207963	4.09843659525	2	8805	7	2	0.077254057904	0.95813	0.077954	FALSE	TRUE
68baf5f8-f20c-4bf7-895f-083622e0da8a	0.998160750414	26.4118297402	8.6793775111	20.1724359404	0.566494643228	1.82505307856	3.93315068493	3	9003	7	1	0.174823233688	0.9565	0.172	TRUE	TRUE
68fb6c51-ed38-4048-a049-b79aa1a94d9e	0.998896450248	39.7865034064	12.6529671952	11.8065057394	0.437813362222	1.50303520842	4.00810654314	0	8649	7	1	0.985304271925	0.99653	0.98305	FALSE	TRUE
69015d3e-d8c6-4cdd-a2e3-495db321c9e2	0.999172337686	40.5038196042	13.4372879672	8.48960769712	0.497851197904	1.55464592714	4.02956521739	0	8676	7	2	0.995104796063	0.99712	0.99032	FALSE	TRUE
69403935-5560-43c2-96fe-29e5c7a521a3	0.998988412728	40.2387922305	9.48215751523	9.1851905751	0.444781319854	1.47347427204	3.86752375629	0	8708	0	0	0.14578691302	0.9565	0.15006	TRUE	TRUE
69d61460-08d8-45a2-8b8a-859e45a864ec	0.997884862976	38.1465302737	10.2207548534	10.018465526	0.465980940807	1.45315562525	4.05686387134	1	8804	9	0	-0.00596440902244	0.95857	-0.0019081	FALSE	TRUE
6b44fc81-9e39-4684-a00a-92a6b9e2bfab	0.998160750414	35.5762852405	10.8443446009	10.9180056133	0.462032472903	1.59315746084	4.02132564841	0	8712	5	1	0.995104796063	0.99764	0.99516	FALSE	TRUE
6c122421-3c8f-42f5-bbfa-1a0f7b988f1e	0.998528600331	49.3108307239	11.5492807414	6.60647918881	0.398978079256	1.42405310426	3.93690140845	0	8763	4	3	0.992652135963	0.99638	0.99273	FALSE	TRUE
6cdeac68-2c96-4905-bedc-35c488485908	0.999356262645	41.2805742155	10.5443693053	9.10714777368	0.443451294149	1.34451901566	4.00670391061	1	8962	8	1	-0.0182024188646	0.95791	-0.014008	FALSE	TRUE
6d95ea54-2b41-405b-9fb7-8be6d4ec65c9	0.998344675372	36.2373802506	10.9852235075	13.6253065944	0.466560765956	1.17982770998	4.01586402266	1	8853	4	4	0.197186554357	0.95695	0.19654	FALSE	TRUE
6dabc821-f016-4db4-8301-3068169235ff	0.999172337686	36.5854578923	10.2737446895	13.2077477625	0.440755191048	1.34273890143	4.03002832861	0	8878	7	1	0.0344673713725	0.95791	0.03565	FALSE	TRUE
6e90a74c-f8ae-4c15-b05a-f92ab467e6ff	0.999080375207	34.4815905744	12.0582713124	12.1975046863	0.472063932954	1.47592738753	4.04529816514	0	8799	9	1	0.992652135963	0.99756	0.99031	FALSE	TRUE
6e9a72b0-20f1-47b4-aede-51253c3a1e58	0.999080375207	41.3342231222	12.1989650893	9.9893555779	0.440193635359	1.47508038585	4.00405327157	0	8642	6	0	0.0185116106618	0.95872	0.019872	FALSE	TRUE
6f67905d-d2e9-4c92-814a-c9b5ef16c37c	0.999448225124	42.6695804196	9.09058846332	6.89943763771	0.359978318414	1.54673283706	4.12440191388	0	8568	9	0	0.995104796063	0.9955	0.99515	TRUE	TRUE
71e8e43b-b47c-459c-9c9d-5f966306ce63	0.997884862976	37.0117039904	10.4445890304	12.2608054405	0.469839534341	1.47321788159	4.01688009313	0	8619	5	0	0.995104796063	0.99734	0.99516	FALSE	TRUE
71ec9f5e-7644-4318-b4b6-d43e97181989	0.999356262645	42.161038005	12.3354325147	7.75949453062	0.450608988712	1.49085123309	3.9772985244	0	8770	8	0	0.992657194095	0.99682	0.99032	FALSE	TRUE
72c525d4-1a19-49c9-a2fe-20a58694a87a	0.998252712893	34.7413173653	9.09592474671	12.6432655738	0.519016415289	1.42857142857	4.03342939481	0	8733	6	0	0.992657194095	0.99572	0.99273	TRUE	TRUE
72fc7c02-165c-40a4-9a1a-cad23ce0bc40	0.998528600331	44.678854301	13.1223578679	5.90828750655	0.376602185056	1.50997506234	4.26059850374	1	8438	5	2	0.995101423975	0.99719	0.99273	FALSE	TRUE
7329dc21-de38-4d1a-bb69-247d44073556	0.99862056281	39.6086195782	11.9600689083	8.44684396921	0.415232665699	1.56467141063	4.12101143889	0	8506	9	1	0.997549401083	0.99446	0.99029	FALSE	TRUE
736bcb9a-c977-49ed-b539-7f830b8b2e60	0.998436637852	31.8830247766	10.226753277	15.8428773422	0.494422385465	1.56061908856	3.97596153846	0	8280	2	1	-0.020650020833	0.95665	-0.016784	FALSE	TRUE
74005146-74b3-4628-89e4-0ea6beadd67c	0.998804487769	35.2760335144	10.0357452086	13.0788639789	0.465371868997	1.47501982554	4.07536231884	1	8755	10	0	-0.0140052371598	0.9565	-0.0098557	FALSE	TRUE
7450b7e9-f3ab-471d-a190-870fe89b9546	0.999264300166	38.0250322106	10.1513540964	9.84757598978	0.441778221248	1.39581719597	3.95138496326	0	8759	6	3	0.0625684460934	0.95798	0.065854	FALSE	TRUE
74964f01-2628-4e5c-923a-9e0cc9e43a1e	0.998804487769	31.9541478685	9.98391656454	16.7688587493	0.443073026932	1.63217905405	4.09300947867	2	8597	4	0	0.995101423975	0.99675	0.99273	TRUE	TRUE
7678fd0a-faab-4a3f-9ecb-4e4625229e36	0.999816075041	35.0199595291	11.6547268957	11.7048309772	0.457244040075	1.59863072315	4.00834326579	1	8404	4	2	0.995101423975	0.99594	0.99516	FALSE	TRUE
768387e9-1781-45af-8b06-7c478da777c5	0.999356262645	36.618754026	10.2598048723	12.2605462138	0.453579507691	1.51089108911	4.07912844037	0	8858	8	1	0.0699112519987	0.95879	0.070694	FALSE	TRUE
76d71a0a-e49a-4334-b4f4-259bff929658	0.998252712893	32.8023030861	12.5954805433	14.4814236228	0.507990592673	1.49654611946	4.02865497076	0	8599	6	0	0.995098840713	0.99638	0.99273	FALSE	TRUE
7708cc31-0c8a-497a-9c7a-2c2a568fc484	0.999356262645	36.7197938714	9.4119339669	10.2259407175	0.475838995342	1.62944162437	3.92705341758	0	8578	3	0	0.995104796063	0.99712	0.99516	TRUE	TRUE
77bae030-e536-4e1f-8a9e-f710e269b212	0.999448225124	41.4730401178	11.402678646	9.93990695029	0.42747200076	1.56357532522	4.22461538462	0	8490	5	0	-0.0182024188646	0.96093	-0.014008	FALSE	TRUE
79b6538f-4727-4237-966d-95ebfaeb69ab	0.998436637852	36.8918669982	9.2978660634	10.7009796709	0.431351782746	1.51881505204	4.05057471264	0	8788	2	1	0.992643132719	0.99668	0.99273	TRUE	TRUE
79db023f-7a02-4dbb-9fd8-7c49d904966c	0.997057200662	33.2103855377	12.3723480538	12.7767361851	0.44591340094	1.54702657107	4.10133495146	0	8407	4	0	0.995102643054	0.99579	0.99516	FALSE	TRUE
7a1c15ed-f590-45a1-af8b-42de54230a5a	0.998896450248	31.1678328116	8.86402239921	16.5363330831	0.488555295506	1.46024941543	4.00902934537	0	8876	5	1	0.0552256401882	0.95798	0.056173	TRUE	TRUE
7a927c55-07f3-4a58-a7af-49b6febb5859	0.99862056281	35.5321852841	9.26485338105	11.962649438	0.466594726447	1.15882561019	3.94789356984	1	8926	4	2	0.995101423975	0.99601	0.99515	TRUE	TRUE
7b05bbf0-d9fc-4636-ab33-e6a074dd28b5	0.999264300166	34.0843916805	13.5427132159	15.634878883	0.443264633286	1.51644736842	4.20853658537	0	8542	8	2	0.997552398032	0.99852	0.99274	FALSE	TRUE
7b660932-64e4-49d1-ad72-e6eb2cc7003b	0.998988412728	35.6972291264	10.0542081626	12.3294858865	0.409590678541	1.48142098816	4.0956937799	0	8520	8	1	0.032531235077	0.95768	0.033735	FALSE	TRUE
7c6154b2-32b8-48c6-988f-32b0772e00e3	0.998896450248	36.543270116	10.1098603678	11.4131228966	0.396709600958	1.45469255663	3.94499131442	1	8540	1	0	0.992657194095	0.99749	0.99274	FALSE	TRUE
7d5f3af3-7c0d-40d5-bea4-42751876bcbc	0.998804487769	50.0706196483	11.684055645	6.98743135384	0.353626004657	1.49463647199	3.95936794582	0	8788	9	1	0.992657194095	0.99402	0.99274	FALSE	TRUE
7d830780-b98e-4072-8054-2b266b6b67b9	0.999172337686	42.638564197	10.5983598554	8.02865349401	0.440889416644	1.41773132017	4.12195121951	0	8820	7	2	0.992643190618	0.99734	0.99272	FALSE	TRUE
7da32650-6caf-436f-ab8f-1e4658cdb7e6	0.99871252529	48.4131675875	11.5550691922	6.92066221981	0.353734383181	1.51384364821	3.90392268334	0	8626	4	1	0.060120844125	0.95702	0.065854	FALSE	TRUE
7eb77bf0-3188-4ba4-8dfc-f008bd40f4c2	0.999172337686	32.5210308329	11.2620603431	14.7352407401	0.479249417659	1.28819829819	4.0254813137	2	8875	9	4	0.992652135963	0.99756	0.99031	FALSE	TRUE
7f0bbb22-65de-4bd6-9baa-28bd5a4b75a6	0.998068787935	34.2171749747	13.8011009626	13.7106767708	0.489236948468	1.51674836601	4.11957168352	1	8606	2	1	0.997549982177	0.99631	0.99273	FALSE	TRUE
7f0ce1d1-9e73-475f-b55b-c77439b342ed	0.998344675372	40.6220523213	10.4888977022	9.14814623529	0.427137448002	1.38841698842	4.0062821245	0	8766	12	0	0.992657194095	0.99682	0.99274	FALSE	TRUE
7f23ba88-19dd-4ae1-a3c2-7c7370c9dccb	0.998988412728	42.6771610052	9.48374095525	7.67493108351	0.350913044336	1.56135344476	4.15829887773	0	8733	3	0	0.995100111718	0.99513	0.99515	TRUE	TRUE
7f4d456a-29fb-409f-b0d0-597635a284b6	0.999080375207	39.7293814433	13.095640532	8.83233681885	0.438225518816	1.53484536082	4.10733452594	0	8565	7	1	0.995102643054	0.99742	0.99274	FALSE	TRUE
7f6b7b48-4b66-42f2-908e-e02f01fd9f90	0.99862056281	36.5149645455	10.1477178777	11.7531756667	0.423263578743	1.45852713178	3.93798449612	0	8918	6	0	0.992657194095	0.99638	0.99274	FALSE	TRUE
7f7ca5ad-53bb-48b8-b1af-ebef8441ae24	0.998436637852	35.0894353873	9.81484739867	13.3010089965	0.466179458037	1.38485680659	4.09391612522	0	8624	2	2	0.0527780382197	0.95724	0.053753	TRUE	TRUE
8035a218-48c5-4fa0-b6c6-704a9b494aac	0.998804487769	35.1943651597	9.98838610712	11.9826201055	0.412503558429	1.55279503106	3.99417588818	0	8575	5	2	0.995101423975	0.99527	0.99516	TRUE	TRUE
80823148-d397-4c57-9bae-a0406cf15828	0.999172337686	41.0484123332	10.8761785366	10.1527359597	0.426672406787	1.38811728395	4.1219369895	0	8779	2	1	0.0478828342829	0.95768	0.051333	FALSE	TRUE
809a081d-47a7-4b20-a921-e445bf18b51f	0.999172337686	42.9019788311	12.4912509002	7.80193837636	0.435281383351	1.48470401271	4.03216542217	0	8761	11	1	0.997552398032	0.99815	0.99758	FALSE	TRUE
81bd880e-7c9e-4aca-9aed-f57767456912	0.998436637852	43.6129685917	11.8829671684	7.45284727403	0.443608945677	1.56838656839	4.08825248393	0	8706	8	0	0.995101423975	0.99646	0.99031	FALSE	TRUE
82ab902d-2664-4fbe-b92e-7c91faa1c871	0.99871252529	41.1854511971	12.2417428152	8.13441004552	0.442803039372	1.49136892814	4.06647230321	0	8689	8	1	0.995104796063	0.99557	0.99516	FALSE	TRUE
83e43f4d-c3c8-4330-838b-ca86dc9f7c89	0.998804487769	35.4378970629	12.5229312233	14.5577804815	0.437826145135	1.49374243036	4.14634146341	1	8651	4	1	0.995100483894	0.99697	0.99273	FALSE	TRUE
85db9089-92f0-4bfe-9984-d8ae11e97821	0.997057200662	38.7158273381	10.4252748303	11.3365045831	0.409302205575	1.48687818253	3.94605116796	0	8893	8	2	-0.0654402854215	0.95539	-0.065555	FALSE	TRUE
863fbcb8-ec6a-4b00-a872-f2b9c6c50d59	0.997517013059	36.4381856735	12.9429477023	10.1671821611	0.424361182114	1.51173139159	4.1209439528	0	8680	0	1	0.995104796063	0.99586	0.9879	FALSE	TRUE
8718f153-ee53-4576-88c9-d963eecbffd9	0.999172337686	33.7302346986	9.49227562977	13.3056966915	0.486992008518	1.60995850622	4.08421052632	1	8694	7	0	0.995101423975	0.99719	0.99516	TRUE	TRUE
87666190-d468-497f-8a65-c74321998337	0.99871252529	40.4099447514	11.9301331886	10.9823686777	0.376740418163	1.43284757779	3.94044242768	0	8710	7	1	0.0888648593637	0.95665	0.09157	FALSE	TRUE
87c89e90-a365-490b-9e8e-22be74eb4870	0.99862056281	39.7251128097	10.2219429136	9.58549284389	0.482659530803	1.58161113454	4.16747868453	0	8485	7	0	0.992652135963	0.99668	0.99273	FALSE	TRUE
888f7c10-3706-466f-add8-1e8bd2e491d1	0.99871252529	38.2807550645	10.6809109159	11.5467670506	0.436581428034	1.5677104514	3.95984162896	0	8769	4	0	0.9804056959	0.99638	0.98063	FALSE	TRUE
88aafa42-e99d-4700-b9cd-0077ed6d0373	0.99871252529	88.2217311234	17.069056123	4.66721364372	0.310668364809	1.51339464214	4.01541976014	1	8782	4	1	0.0307496205039	0.95547	0.041351	FALSE	TRUE
89fece0b-1376-41a1-ae1b-49204a275878	0.99862056281	24.1874942444	8.28744053746	20.3075444966	0.602082591387	1.32154696133	4.01614699332	2	9009	10	3	0.194738952388	0.95635	0.19049	TRUE	TRUE
8a447fa3-d245-4a4f-8ed7-382867170f03	0.998988412728	37.5202982601	9.41138544699	10.7138116501	0.403998572188	1.44617784711	3.93296089385	0	8830	6	1	-0.020650020833	0.95761	-0.014008	TRUE	TRUE
8a6ddc39-7a2b-4718-8da8-f7abd6f5d73c	0.999540187603	35.5574569878	12.2379096957	11.175611137	0.438668301174	1.484	4.03939745075	0	8698	12	2	0.995104796063	0.99845	0.99274	FALSE	TRUE
8c598497-5783-4571-8b8d-2f5dfd443d05	0.99862056281	36.0405193848	10.417865655	12.7460373561	0.437790105718	1.42495126706	3.9281302639	0	8777	7	1	0.995101423975	0.9966	0.99516	FALSE	TRUE
8dfc98f7-24f4-4630-b61c-38e1c9892282	0.999540187603	42.3496181801	9.40012044189	7.29806763897	0.361792498621	1.56974789916	4.06622911695	0	8491	4	1	0.997552398032	0.99712	0.99758	TRUE	TRUE
8f549c8f-7cf2-41e5-a4ef-0bdf7c717f09	0.998988412728	34.7527386541	11.4645162818	11.6993319323	0.523211703225	1.53601609658	4.05587557604	1	8777	8	2	0.995104796063	0.99742	0.99516	FALSE	TRUE
8f88a550-9602-4156-9c5a-86e96abcdad7	0.996597388266	35.2318907447	10.5251175277	15.3532345719	0.547429814615	1.51982378855	4.01426940639	0	8785	4	1	0.111520485462	0.95495	0.10699	FALSE	TRUE
9058646c-91c2-41ea-9a79-4afee8b353bd	0.999724112562	33.3390672431	10.0136977207	14.7022354845	0.463453797729	1.53592314119	4.08533653846	0	8462	2	2	0.995104796063	0.99564	0.99516	FALSE	TRUE
90f5212b-08d8-4f96-a4cd-b87be100b083	0.999448225124	37.4317261686	9.82203784277	10.7986971548	0.408564028301	1.52564102564	3.98696145125	0	8797	3	1	0.997552398032	0.9969	0.99757	TRUE	TRUE
9437fc63-678c-49a8-9249-b570524c376f	0.997976825455	41.6049576115	12.7401930414	7.43412119977	0.467752002431	1.4644549763	3.93247045582	0	8765	7	0	0.995104796063	0.99727	0.99274	FALSE	TRUE
95ce7305-5223-418f-8032-16e57f5b0753	0.999356262645	44.2720161958	12.1768883518	7.51748325087	0.39972213924	1.47172795571	4.05244956772	1	8766	12	3	0.0845968638093	0.95783	0.085214	FALSE	TRUE
97669f14-a837-4237-a0bb-536ccca97495	0.998804487769	48.9489918055	12.3521799849	7.250853489	0.391850806244	1.52850356295	3.91390728477	0	8904	8	1	0.995104796063	0.99764	0.99516	FALSE	TRUE
9810ab64-c692-4b1d-a379-a8f2b78d9102	0.999264300166	34.8703294681	13.0695455827	11.2059386949	0.513893932684	1.42256809339	4.08444187392	0	8791	2	3	0.995104796063	0.99786	0.99516	FALSE	TRUE
984c730d-fe11-4379-855e-cf8748963eff	0.997700938017	35.0803760715	11.2325238829	11.1691498051	0.427210953122	1.51991869919	3.89423076923	1	8653	6	1	0.995104796063	0.99527	0.99032	FALSE	TRUE
98ffb85d-980c-44ed-8074-5c3306103007	0.999816075041	37.5588668138	10.1100107993	11.0540369598	0.425692671369	1.47504025765	3.99074609601	0	8629	2	2	0.987761990158	0.99808	0.9879	FALSE	TRUE
994329d8-ff2c-40a5-9613-a4c5d43398c1	0.999632150083	34.858325667	10.4685792701	13.8058062273	0.411977951274	1.53836582331	4.12132132132	1	8527	4	2	0.0454352323145	0.95783	0.051333	FALSE	TRUE
994ede7d-a5fa-4691-80dc-0be184d2bad5	0.998988412728	33.2986283715	12.5970384189	12.8703248638	0.47524818341	1.49839098954	3.91016949153	0	8691	6	2	0.990209592126	0.99852	0.99032	FALSE	TRUE
9960814e-a09e-4443-90f5-0abec4fc793b	0.998252712893	35.4587747582	12.6541250894	19.0916282908	0.573310857564	1.44697564808	3.92363840539	0	8769	5	3	0.953463527763	0.9952	0.95397	FALSE	TRUE
9a48d88a-67c0-4d42-a558-a8e1190076a7	0.99871252529	31.0341620626	9.7381950345	16.5815020703	0.470858205145	1.03419654714	4.09821428571	6	9136	5	0	0.180053340578	0.95709	0.18176	TRUE	TRUE
9a915639-5674-43e9-8688-8ebbb9902c1e	0.999632150083	44.5651333947	12.5831745605	5.68297698224	0.408339093528	1.54107883817	4.08288610614	0	8524	9	1	0.997549401083	0.99786	0.99515	FALSE	TRUE
9b2c8794-4ad0-4d94-9432-4c5a644fc94c	0.99862056281	30.3945114651	11.7375210263	15.5241309229	0.453212990519	1.5411237785	4.17878426698	0	8690	7	1	0.995104796063	0.99668	0.99274	FALSE	TRUE
9b61c316-9467-4f01-aec9-2d11f563354a	0.999080375207	44.7130891016	9.57539600466	11.179058803	0.398512961268	1.57700377675	4.10425404434	0	8519	7	0	0.963260679813	0.9955	0.96366	TRUE	TRUE
9c44a561-d8b6-415c-8226-90133f14777b	0.998804487769	30.7178896971	10.7011604128	18.6889336134	0.481417829936	1.48669050457	3.94475760992	0	8772	5	0	0.094387271683	0.95717	0.097315	FALSE	TRUE
9f465649-9acb-4486-b322-1a130ce353bd	0.9973330881	44.5687413555	9.30646202579	7.01702367663	0.39321191044	1.46123417722	3.99314677327	0	8743	6	3	0.997552398032	0.99601	0.99758	TRUE	TRUE
9ff2ebef-54af-4f40-8a3e-324dd4ab860b	0.997976825455	40.4844268338	10.9557396597	11.3062081701	0.413290902756	1.55637860082	3.96379310345	0	8637	5	1	0.997549571791	0.9949	0.99758	FALSE	TRUE
a12d5ea4-4d5e-4c13-a3cf-efec7fd97b66	0.99862056281	41.4641311355	10.3391996572	8.38572835553	0.398084994795	1.39597834493	3.90061418202	0	8777	3	2	0.995104796063	0.99623	0.99515	FALSE	TRUE
a19f91f7-9380-4101-ac61-6a46ee3f28bf	0.998068787935	41.2832396572	12.5831073856	7.97224483861	0.372830151184	1.39649805447	4.02534562212	0	8724	6	2	0.995100228269	0.99564	0.99273	FALSE	TRUE
a59c753c-6d53-470f-8f35-1b85fb7f5448	0.998896450248	46.3684404345	11.0279081425	7.40302454379	0.382164641497	1.42998027613	4.08007013442	0	8692	2	1	-0.0133072149277	0.95702	-0.014008	FALSE	TRUE
a62fb8e3-a235-4ca0-891e-eb884ab22e15	0.998896450248	34.6255754005	10.0544009824	12.8376463843	0.43099382443	1.66778805719	4.00631458094	0	8721	2	0	0.992657194095	0.99586	0.99274	FALSE	TRUE
a63ce25c-1a89-45c2-8087-e921c0967245	0.999172337686	30.3217671422	12.0253953634	16.9262239338	0.533963377305	1.51924619086	4.07291666667	0	8766	11	2	0.0685263904997	0.95761	0.069326	FALSE	TRUE
a68087c8-11fe-4d0d-8258-70d42784958a	0.998528600331	35.4836065574	11.5474530182	16.3487914849	0.493996609495	1.26612001491	3.96260623229	0	8759	3	3	0.19229135042	0.95695	0.1917	FALSE	TRUE
a6b558da-ab2d-4e92-a029-6544fb98653b	0.998896450248	26.509574664	17.4239397264	25.8718212278	0.696477712583	1.34965831435	4.03830760435	0	8812	9	3	0.995093836293	0.99668	0.9903	FALSE	TRUE
a749d2fa-bfb6-4ffb-83f9-3328ec2e92b7	0.998160750414	34.9758614336	10.1459665462	12.9014002231	0.532066241464	1.33296172427	4.00726256983	2	8963	6	1	0.995101423975	0.99623	0.99273	FALSE	TRUE
a7573dd3-6538-4d43-a375-64aaf4d6d4ba	0.998068787935	40.9317239473	9.99277545832	8.42984797035	0.366555057706	1.18882602546	4.00166481687	0	9013	5	3	0.995104796063	0.99675	0.99516	TRUE	TRUE
a7dd8557-b302-46fe-9701-bf0675e78532	0.999540187603	44.9741466556	12.5726437693	6.64570121401	0.40813274556	1.6163469558	3.98102357677	0	8662	8	2	0.992652750062	0.99749	0.98547	FALSE	TRUE
a873e1ce-30a4-4354-a2b5-9b08f2387925	0.999540187603	31.4079492134	8.84417579566	16.7967412757	0.510857798206	1.53887733888	4.06551518761	1	8505	7	0	0.970628776379	0.9955	0.97094	TRUE	TRUE
a8bb8c75-6f9a-4aee-8680-68c3ca566800	0.997976825455	32.3851824548	13.384617491	15.0805556226	0.496881738678	1.52941176471	4.08957845433	1	8693	9	0	0.995101423975	0.9966	0.99273	FALSE	TRUE
a9a3ade0-20c3-47de-85d4-98d5d02b9a8d	0.997425050579	38.1205974553	10.7738314144	12.6864280503	0.427482030301	1.25231316726	4.01923076923	4	9135	3	1	0.214319768136	0.95702	0.2159	FALSE	FALSE
a9e541a8-2c10-4101-b25f-0424a2100abe	0.999264300166	42.2108605614	11.7360600391	9.64353499132	0.49505206328	1.57943925234	3.94940978078	0	8805	5	0	0.995104796063	0.99498	0.99515	FALSE	TRUE
aa2aef5d-1546-4e62-a33a-ec114de0494b	0.999080375207	37.7841494845	9.89382529422	10.6569018569	0.46763397677	1.46976552859	3.92294220665	0	8433	2	2	0.0227340830272	0.95754	0.024048	TRUE	TRUE
aa5162f2-f7de-4827-b5d5-c859bb4f091c	0.997884862976	37.3366509999	9.23125325561	11.2247832765	0.448585276621	1.48541009464	4.09630911188	1	8837	3	0	-0.0500212444541	0.95569	-0.045798	TRUE	TRUE
aade06cd-6cb6-4fea-8682-42e1dbe21aed	0.998252712893	37.2269000461	22.5781495468	26.8614041318	0.618941082891	1.4505896706	3.99823113208	0	8477	8	1	0.0253090764314	0.95599	0.031146	FALSE	TRUE
ab3342b3-cc3e-46bb-b5d7-e31baba698c3	0.998344675372	41.4595615328	12.5556397924	8.31786409911	0.421447006908	1.40386847195	3.92380952381	1	8789	10	3	0.995102643054	0.99734	0.98789	FALSE	TRUE
ab9bb8b5-106e-4347-8fe0-e0acfd374819	0.999448225124	33.6408722856	10.768412878	16.2852500708	0.476171316808	1.46613545817	3.95895096921	0	8698	1	1	0.992657194095	0.99623	0.99274	FALSE	TRUE
ac6ea732-5186-4919-bd30-96621ab60ef3	0.999448225124	31.8864556496	10.0177606646	14.980463356	0.48984970246	2.36025768087	4.04300458716	4	8795	6	0	0.00872120278811	0.95731	0.010192	FALSE	TRUE
adc4c5ff-367a-498b-8801-ff5c8f076062	0.999356262645	37.1426336615	13.3618610875	11.471910619	0.509456716904	1.47885075818	4.00517241379	1	8709	9	0	0.995095770441	0.99513	0.99514	FALSE	TRUE
adff299d-a2b6-449c-b5b7-be68fda8122d	0.99871252529	42.5123388582	11.2217123245	8.73056763099	0.41205955213	1.64870423694	3.96526610644	1	8863	7	1	0.0185116106618	0.95717	0.017452	FALSE	TRUE
afea13b2-f560-43f4-a905-5dc9f96ce71d	0.998988412728	30.8720427138	11.6063424024	16.3651195929	0.486462390243	1.52224919094	4.08177570093	0	8700	8	1	0.995101423975	0.99719	0.99516	FALSE	TRUE
affbd100-edd0-4714-a554-d3b453ec5bf9	0.998528600331	38.5661263584	10.3183487172	15.3257322791	0.413849170442	1.48594059406	3.97511312217	2	8796	6	1	0.013616406725	0.95731	0.019872	FALSE	TRUE
afff72a5-476f-43c5-9c2e-0dacddb132bf	0.998068787935	35.831014466	10.4971161815	12.6459502646	0.411056140133	1.41030534351	4.05949008499	0	8930	5	2	0.0202847950147	0.95591	0.026163	FALSE	TRUE
b00ba759-7c1e-4d19-8f2a-f2c36b017e37	0.998988412728	56.9940163859	12.903841433	10.1280114911	0.489198058514	1.61358024691	4.07634470792	0	8777	5	0	0.919229135042	0.99498	0.92012	FALSE	TRUE
b0d87dca-2516-45df-a2da-fe170494cfa1	0.999356262645	36.481457624	8.72508356711	11.6587897163	0.47803444956	1.55049261084	4.15563506261	0	8646	2	2	0.977956407888	0.99542	0.97819	TRUE	TRUE
b14d45cf-26a7-4f3b-a2c0-8be673251fe3	0.99862056281	36.2956073303	10.0025740332	11.4338314612	0.485311625813	1.60849056604	3.97127371274	5	9172	6	3	0.0748064559356	0.95768	0.075534	FALSE	TRUE
b1749027-5f47-4303-9fdd-2c237195a13c	0.999172337686	47.2178554993	11.844332145	7.87697484106	0.40497447765	1.54008097166	4.10695499708	0	8738	6	1	0.995101423975	0.99631	0.99515	FALSE	TRUE
b177027c-4141-4e11-8781-6960d2663624	0.998896450248	44.4018596943	10.1386851745	7.53099822113	0.552052330128	1.5150541951	3.9948630137	0	8751	6	0	0.997552398032	0.99749	0.99758	FALSE	TRUE
b1c4b60e-4214-4fe4-bc86-20f1377c44ed	0.998988412728	29.8992911719	8.82876797366	16.4481860092	0.47676180171	1.50452302632	4.15054413543	1	8519	3	1	0.997544723546	0.99675	0.99757	TRUE	TRUE
b1d0b5ef-c647-4113-ac98-6cbfa6cb383e	0.999080375207	37.4678755523	10.3761756461	11.1337437702	0.446478487517	1.52276357827	4.05447247706	0	8815	8	1	0.99020284795	0.99653	0.99031	FALSE	TRUE
b1fb45c0-bae6-4ad7-90f7-84a352c29ca2	0.997792900497	29.1322580645	9.9386839511	19.3177310563	0.487112624497	1.36947487722	4.05442176871	0	8916	5	0	0.975523980316	0.99535	0.97338	TRUE	TRUE
b3845586-a81c-4123-80b7-9392453ae9b9	0.999632150083	29.7880404784	8.51794817702	16.6086451901	0.511581454802	1.50080450523	4.11045828437	0	8698	7	0	-0.0287009652346	0.95768	-0.024386	TRUE	TRUE
b3f84d16-b972-4c65-963b-dca68c371598	0.999540187603	44.4350906247	12.3995622885	9.7287960108	0.486820498183	1.61392405063	4.00526315789	0	8559	6	0	0.0478828342829	0.95842	0.056173	FALSE	TRUE
b4349ecd-c53b-4b92-9712-44154589a4c8	0.999172337686	33.3088817303	12.1122203009	14.8962520958	0.481171256712	1.47156783103	4.0347672363	0	8544	4	0	0.995104796063	0.99756	0.99516	FALSE	TRUE
b5711b60-38e8-427a-bf58-e723555c3636	0.999172337686	44.285135757	9.7685250607	7.56034151021	0.425743879524	1.47744213417	4.00169395822	2	8858	4	2	0.990209592126	0.99586	0.99031	TRUE	TRUE
b6ac136b-b0cf-4d2f-aa6f-5a1ad18a1e25	0.999448225124	43.2241442768	12.5230004973	30.0566628896	2.37257405224	3.12123039807	4.01359338061	1	8483	9	1	-0.138134915317	0.99638	-0.14227	FALSE	TRUE
b70fdd53-433e-48cd-8459-f78e615becc9	0.999540187603	42.3091360751	9.85244576398	8.60270189335	0.395398688579	1.44168336673	4.02634660422	0	8585	3	1	0.992657194095	0.99764	0.99274	TRUE	TRUE
b7474f8e-dfb7-4ae8-a996-381dc10518b3	0.999448225124	44.6423444976	10.7325913044	6.89884500654	0.358367808145	1.50341228422	4.10298420129	1	8721	6	1	0.0968348736514	0.95768	0.10457	FALSE	TRUE
b7bd8f2a-a21a-4e64-a927-ae79f1f4c719	0.998988412728	32.8417564209	11.1391861148	16.797000608	0.525558059819	1.47958366693	3.99424956872	1	8685	8	1	0.0620010912358	0.95791	0.062873	FALSE	TRUE
b7be9447-ff2d-44cb-95a2-056340537272	0.998252712893	47.2078304929	11.2958666695	7.10617535073	0.353702951056	1.44453094589	4.01019830028	1	8843	7	0	0.0478828342829	0.95687	0.053753	FALSE	TRUE
b81a43f4-4823-4dc4-bad6-6a47354d2bdc	0.997976825455	39.8241798747	11.5319894153	11.7229824311	0.422511248579	1.45037564255	3.97886921759	1	8718	8	1	0.995098840713	0.9955	0.99515	FALSE	TRUE
b878d999-5e02-4739-b5d2-9b4aa7b28bb8	0.998988412728	45.3374758354	13.6962781084	6.69401967329	0.387644447414	1.48295003965	4.06812933025	0	8778	8	0	0.995104796063	0.99734	0.99032	FALSE	TRUE
bad00671-99c9-4f49-927d-7e8156b70d6f	0.998988412728	27.6960324036	9.30451966819	18.3990966096	0.472809890789	1.52288375861	3.96289954338	0	8695	2	1	0.0736808946925	0.95672	0.074422	TRUE	TRUE
bb6e614e-a879-4e8e-8db2-cef802008c40	0.999264300166	42.0629486472	11.2171517419	9.10666720598	0.423101675005	1.51241987179	4.10839160839	0	8766	2	1	0.997552398032	0.99675	0.99758	FALSE	TRUE
bb9f9f4b-3fa1-4685-8eb9-17b5c50491f3	0.999448225124	34.252576371	11.0660083185	14.5092164426	0.486297367727	1.39420062696	3.91875	0	8657	6	0	0.995101423975	0.99483	0.99515	FALSE	TRUE
bbef3387-cbc2-4346-8c3c-2529b376cc24	0.99862056281	45.021088498	10.0179972994	7.81802498341	0.350695511473	1.48997594226	4.06108202443	0	8700	6	0	0.00506466466972	0.95923	0.0065786	FALSE	TRUE
bcb70b9a-c676-469b-9661-428c6ba682a0	0.999448225124	33.5536437247	9.61363341956	14.6630218004	0.451117258622	1.59888459888	4.0257639305	0	8388	1	0	0.995104796063	0.99682	0.99516	TRUE	TRUE
bcb71b81-d0b6-490b-9374-7b6126b92501	0.99862056281	42.083985634	12.2337691557	10.381284254	0.454604368795	1.57418032787	4.03466204506	0	8715	5	1	0.995104796063	0.99601	0.99516	FALSE	TRUE
bcdefbf2-f698-44cb-a71e-e8df8e81e3ad	0.998252712893	33.3169967757	10.4249382737	15.5950088748	0.457200970289	1.54620123203	4.09085545723	1	8629	5	1	-0.0451260405172	0.95672	-0.040629	FALSE	TRUE
bdb5d89e-cf02-48fb-b38b-795cc2ff47e5	0.99862056281	38.8940049728	13.0003400174	9.17557150668	0.464317477564	1.33371126228	4.01766381766	0	8806	13	3	0.0748064559356	0.95768	0.077954	FALSE	TRUE
bdc81607-7400-406f-8a03-2b5209786540	0.998988412728	38.3242198288	11.6320356242	12.461019881	0.409447045156	1.65136842105	4.05364431487	0	8667	6	1	0.027713924858	0.95739	0.031394	FALSE	TRUE
bec02690-4797-45af-b7a5-526a6a72d391	0.99871252529	40.4915285451	10.8555568369	9.76489886228	0.403836226382	1.49254933548	3.95993131082	0	8665	6	2	0.00382599885126	0.95768	0.012612	FALSE	TRUE
bfd9a075-db2c-4b3d-804c-7a3577e24141	0.998988412728	44.0409647427	11.6551320685	9.14522759481	0.423801233053	1.4817048653	4.07029876977	0	8655	4	1	0.997550711988	0.99417	0.99758	FALSE	TRUE
bfe0126b-aa1d-496e-bc83-c9648b567bba	0.999632150083	35.5762649494	10.2913772124	13.2606056788	0.514112228978	1.67015487652	4.05363321799	0	8763	4	3	0.0894920677461	0.95805	0.092475	FALSE	TRUE
c07d3560-2e22-4ef1-b9a1-873d43bea083	0.999264300166	44.5715994846	9.99941465064	7.02499249053	0.445293795334	1.5081300813	4.09208972845	0	8626	5	0	0.995101423975	0.9949	0.99515	TRUE	TRUE
c0a554cc-c326-489e-afb5-84fffc925363	0.999172337686	30.8245743212	11.9247897681	17.1864999609	0.542884372799	1.55933609959	4.00759345794	0	8573	7	0	0.992657194095	0.99535	0.99031	FALSE	TRUE
c0a6b022-a04c-47e8-890a-00aff2e4adc6	0.99871252529	40.6730202578	12.2286228515	8.82234193922	0.471715724436	1.41918993315	4.00172711572	0	8688	7	2	0.995104796063	0.99712	0.99274	FALSE	TRUE
c18a64dc-d833-4b32-853e-ad06b36200b8	0.998804487769	37.367185342	9.91940482616	10.5603671516	0.410137949495	1.42292490119	4.00868055556	0	8655	4	1	0.992657194095	0.99513	0.99274	TRUE	TRUE
c22704de-66ae-423f-b23d-ea94b7abe73e	0.998988412728	35.0302862929	9.85845249023	13.0017304684	0.460192122184	1.55855481728	3.99416909621	0	8565	5	1	0.0521255391767	0.95724	0.057656	TRUE	TRUE
c385c300-2f53-4cb9-b184-4e5a1e992894	0.997241125621	27.642014017	13.4078693592	26.8951399353	0.527336308847	1.16826071555	3.96057745697	1	8934	7	4	0.27061461341	0.95613	0.26672	FALSE	FALSE
c4e5b902-f02c-4a00-8dbe-14c8d3bad164	0.998160750414	33.5612677354	10.1171904025	15.233378356	0.458801162544	1.35357417371	3.93103448276	1	8723	6	0	0.997552398032	0.9966	0.99758	FALSE	TRUE
c5941fc1-85d0-4695-92ed-c92b8c4c751b	0.999632150083	36.3052437902	13.0908340339	12.0490104982	0.512744724729	1.55448851775	4.04327208062	0	8508	3	3	0.995104796063	0.99616	0.99274	FALSE	TRUE
c6d728b7-d1cb-4358-9d69-93331d4046de	0.998252712893	47.6716720405	10.9006224035	7.29811283748	0.565701560894	1.15416666667	3.90859924283	2	9076	8	1	0.383204303957	0.95768	0.38288	FALSE	FALSE
c72730f5-0a13-400c-9942-2465f0d0ff5e	0.999816075041	38.3957873436	12.6344423052	8.90438910071	0.497212654641	1.53664596273	4.22093023256	0	8531	7	3	0.995104796063	0.99719	0.99516	FALSE	TRUE
c7b91628-f86f-47d3-92cb-fd480b684ee9	0.998896450248	36.8142146934	9.35513788204	11.7438903578	0.444771576599	1.34494509655	3.95732734419	3	8829	4	4	0.236348185852	0.95746	0.24252	FALSE	FALSE
c8e9cd9f-c9e3-4d9f-8e30-dede680d185d	0.999908037521	36.0135197278	12.216783301	11.8370739892	0.431001551607	1.4769681742	4.08957055215	0	8296	7	0	0.997549420356	0.99823	0.99515	FALSE	TRUE
ca15346f-4349-4760-8872-40aff16fdf3a	0.998988412728	43.3232992728	9.85762857425	7.7979224594	0.397618746326	1.51552547771	3.97855530474	1	8822	10	0	-0.0157548168961	0.95724	-0.011588	TRUE	TRUE
cad0e905-8d82-4cfb-be7d-8abe9208b635	0.999540187603	36.3936884718	10.9763435812	10.8837013449	0.504563248149	1.46293311845	4.06069534473	0	8588	7	0	0.995104796063	0.99749	0.99516	FALSE	TRUE
caf7eba7-3764-4c7c-b60c-a519382b1efc	0.99871252529	36.9008287293	10.0317368969	11.3786503066	0.454943964174	1.566598778	3.99144324016	0	8750	7	0	0.0576732421566	0.95658	0.055876	FALSE	TRUE
cb60a58f-56e4-469d-b23c-f88f22e7766d	0.998804487769	43.2624988491	9.46183128881	7.60483148526	0.367074079609	1.53282626101	3.86596800883	0	8822	3	1	0.0625684460934	0.9582	0.063434	TRUE	TRUE
cbabde37-80e5-4fb2-a358-6d9661f3d0c3	0.999080375207	32.7974963181	9.96160935237	15.4217880647	0.506692185927	1.48807631161	3.87979966611	0	8769	7	1	0.992657194095	0.99845	0.99032	TRUE	TRUE
ce1ce93c-3816-4e35-8e92-0edfc1a499d0	0.998528600331	27.0672315344	8.93060226127	19.2384094729	0.537860392271	1.51482371795	4.06001154068	0	8769	6	0	-0.00106920508559	0.95517	0.0026689	TRUE	TRUE
ce2ba9a8-a1ad-4e17-ab30-99dd40c12fa3	0.999080375207	45.8830081001	9.72864671706	7.02426306899	0.392340415936	1.58795900939	4.06574185766	0	8399	4	1	0.0625684460934	0.95672	0.058895	TRUE	TRUE
cfaae79c-7cba-4096-bbe0-98981d136366	0.999172337686	33.7037275656	11.2690776995	12.3427718811	0.441017652887	1.52511229073	3.96601382488	0	8621	13	2	0.995104796063	0.99601	0.99516	FALSE	TRUE
cfd531c5-c1dd-41f6-83ce-08af596502d7	0.99871252529	27.6046040516	10.8360550617	22.517259879	0.64310116443	1.37451587916	3.95164960182	1	8705	8	0	0.0668212672515	0.95658	0.067639	FALSE	TRUE
d16f160c-c1c1-424c-bed5-d1ba9584fb50	0.999172337686	40.9171652094	11.8841448618	8.54200683284	0.467969436457	1.5166733628	3.96649630892	0	8746	7	1	0.995104796063	0.99771	0.99274	FALSE	TRUE
d3b0b1d3-7a8d-4cfc-b5a0-3d0fbbbccb69	0.998988412728	42.8326429163	10.7448535336	8.25036291004	0.51238758343	1.46546184739	4.06819517931	0	8621	6	2	-0.0262516772221	0.95746	-0.021964	FALSE	TRUE
d4edff34-c25c-4e18-ae8c-ef56246a6c3b	0.999540187603	48.4795289355	11.6955769783	7.06225783474	0.432946525463	1.53491220906	4.10986414649	1	8651	6	0	0.995104796063	0.99712	0.99516	FALSE	TRUE
d52b785f-11a2-4dd0-9d9a-f38419424f81	0.999356262645	32.7595472532	8.89951210078	13.6510157577	0.48399491312	1.4815830721	4.12824956672	0	8877	8	0	0.997549743731	0.99586	0.99758	TRUE	TRUE
d5904514-abf1-4b20-b695-681d8dbcc41b	0.997700938017	32.8441330998	19.897519333	29.5838173589	0.678122250361	1.42670881075	3.96903669725	1	8666	10	0	-0.031150253247	0.95576	-0.029554	FALSE	TRUE
d7aad3fe-1737-4ce3-be6c-d4541ad9442a	0.997700938017	33.8143607706	9.77020571793	12.7305145373	0.464845130988	1.43192488263	3.96206115515	0	8763	10	0	-0.0475736424857	0.95584	-0.047026	TRUE	TRUE
d91d053f-3acd-4009-9b42-ef35a674bd9d	0.999356262645	44.8636238152	11.8961175214	8.85648303058	0.417120043393	1.63382045929	4.07405247813	2	8702	3	0	0.995104796063	0.99682	0.99516	FALSE	TRUE
d99c96b0-aa7d-484b-a533-d22e2e951f6f	0.998896450248	33.1695820291	12.6643699722	15.0384939299	0.442475805066	1.52346570397	4.10052295177	0	8778	7	1	0.995101423975	0.99771	0.99516	FALSE	TRUE
daf5212a-9ad5-4c62-b288-67c57c2f2e88	0.998344675372	30.6222365512	10.2177643079	16.9200704547	0.498077413648	1.69039002815	3.99292324442	1	9172	8	2	0.0723588539671	0.95665	0.075243	FALSE	TRUE
db56424f-5cc5-4b5e-91d5-90deb98c35aa	0.998344675372	35.6989683125	10.6904088087	12.6649055806	0.414976248562	1.32613723978	4	0	8620	5	3	0.992649946532	0.99579	0.99273	FALSE	TRUE
dc3041a0-63cc-40ac-91d5-b956ab80144d	0.999264300166	30.3429044727	9.45431018297	17.5273066155	0.499543030929	1.56133828996	3.95229885057	1	8617	4	1	-0.00351680705402	0.95798	-0.0019081	TRUE	TRUE
dccffbbf-1692-432e-ad4c-9cd268470415	0.999264300166	36.1616970366	9.79518253027	13.424938487	0.471727320406	1.54876033058	3.95554272517	0	8583	6	1	-0.124223197721	0.95923	-0.12368	TRUE	TRUE
dddf7778-ccbb-4516-a462-06a08919f9ba	0.998896450248	41.1420548702	9.89809897019	8.78589761748	0.418905854785	1.39626239512	4.1761627907	0	8903	2	1	0.995104796063	0.99564	0.99515	TRUE	TRUE
dde8a886-ce81-4867-814a-6e9ecffef212	0.998988412728	39.2380557857	10.2420057838	10.0311417634	0.445472351687	1.49066558442	4.17328519856	0	8598	3	1	0.013616406725	0.95754	0.017452	FALSE	TRUE
dfa85189-91d9-427c-9d65-12416d7c3cbd	0.999632150083	39.0823367065	13.4488342078	10.9317452879	0.46613883656	1.61535199321	4.07806912992	0	8521	4	0	0.995098840713	0.99808	0.99273	FALSE	TRUE
e03dea35-71ad-434d-8e94-f582ff12a923	0.999172337686	43.7427519558	9.88257793713	7.40290176931	0.401991559407	1.21433542102	3.97628032345	4	9231	5	3	1	0.99527	1	TRUE	TRUE
e0fc0f17-8e5f-4770-81c5-6fd58e1bad7c	0.998436637852	36.5507046145	11.4319042528	10.2100255027	0.452585336255	1.46236133122	4.20262216925	0	8730	10	0	0.992657194095	0.99682	0.99032	FALSE	TRUE
e221895a-91ec-4557-847e-c6342a3118c4	0.998068787935	47.0303141988	10.6970590963	6.89317809192	0.332669007028	1.40611524892	4.07539450614	0	8684	5	1	0.987761990158	0.9952	0.9879	FALSE	TRUE
e401e706-60fe-4c5a-ac51-af555296e581	0.999080375207	38.9814064801	9.53699024849	10.2244871856	0.479189617777	1.62660588479	3.99714285714	3	8745	9	0	-0.00596440902244	0.95805	-0.0043282	TRUE	TRUE
e4c22b56-c805-4f9f-b408-12edfa69e03a	0.998896450248	34.9672251887	9.61500819728	13.2396098088	0.470123833558	1.43771964077	4.11091753775	0	8801	7	1	0.995100111718	0.99557	0.99515	TRUE	TRUE
e4d51404-f89a-4265-ad20-c2e7a5c3c0e3	0.999172337686	34.6264150943	13.4570976141	15.8732591374	0.525979569552	1.53246753247	4.04585026117	0	8694	11	1	0.992623076628	0.99682	0.99271	FALSE	TRUE
e54050e2-a5b1-472e-828f-07058a574c01	0.998804487769	40.5928551699	9.38683442317	8.64200710244	0.379579171278	1.4516	4.02915451895	0	8625	6	1	0.106625281525	0.95791	0.11184	TRUE	TRUE
e5a5b35e-3f38-4941-81cd-7878dcd13e84	0.998988412728	30.4455491117	9.54791181956	16.9785193935	0.537671778607	1.49938650307	4.11669658887	0	8550	7	1	0.00137839688283	0.95805	0.0077721	TRUE	TRUE
e647b6f4-5cee-4269-8f67-0041366290a8	0.99871252529	34.3895948435	10.9213184003	15.0214577576	0.431935237625	1.83116319444	4.0989010989	2	8816	10	1	-0.00841201099086	0.95658	-0.008247	FALSE	TRUE
e678e08a-3301-402c-90ab-0d22b529ba1a	0.998988412728	42.7206112492	9.85140006919	8.50623379794	0.384423628005	1.22349570201	3.91853471843	1	8996	3	2	0.985314388189	0.9949	0.98545	TRUE	TRUE
e7043b13-9be7-4392-8288-f17a764c9bb9	0.998896450248	40.9930951943	12.5271881899	9.17500526269	0.4077585124	1.53530377668	4.12567004169	0	8606	6	1	0.995098802166	0.99712	0.99515	FALSE	TRUE
e72af0e0-81d2-40b4-a67e-ab97f7b77757	0.99871252529	37.6564456722	10.5856638817	11.450212379	0.381142628747	1.50405844156	3.9757925072	0	8633	1	0	0.995071911215	0.99468	0.99513	FALSE	TRUE
e734bdbc-2e43-44e4-ad32-11719865f9d6	0.998252712893	32.2216490097	11.9145611592	15.0493585672	0.454464429095	1.56405990017	3.97154471545	0	8561	6	2	0.995104796063	0.99542	0.99273	FALSE	TRUE
e7b8165b-36d3-4c14-ba38-e71d48f33e76	0.991907301821	35.1106990543	12.0382442113	17.607878842	0.511542771665	1.67325102881	3.92112520684	5	8922	1	3	-0.282543431454	0.95023	-0.27571	FALSE	TRUE
e7c03bad-6288-4a8a-8978-800adb9d458c	0.998068787935	34.9070303142	12.3547907498	13.198325122	0.54972374542	1.50138285263	4.08500861574	0	8853	8	2	0.995101423975	0.99616	0.99516	FALSE	TRUE
e92dd452-c6a8-4612-b4b6-eaa82f2036df	0.998988412728	38.8818006076	9.37681821691	9.59439433268	0.418982672848	1.51575588353	3.9723476298	0	8811	3	1	-0.0279928267383	0.95702	-0.021269	TRUE	TRUE
e9c4b334-ad9e-4bee-b1af-81d600acbb7d	0.999448225124	27.9235369893	9.05891778662	17.4108599634	0.477731428884	1.16838365897	3.99215686275	2	8911	7	3	0.270112172286	0.95635	0.26998	FALSE	FALSE
eb0d087c-6b0d-449c-98f6-5803493d0beb	0.998804487769	37.3124021729	10.8434593792	12.2130544248	0.447216634987	1.50953346856	4	1	8645	6	1	0.995104796063	0.99734	0.99516	FALSE	TRUE
eb25af30-7a62-4a06-881d-7488cd57318d	0.999264300166	49.8712497699	11.3574961337	6.71387738504	0.37168401899	1.50880704564	3.99088319088	1	8759	7	2	0.995104796063	0.9983	0.99274	FALSE	TRUE
ebc90695-5990-4f64-a48a-c9e249685084	0.999632150083	33.5921803128	12.8175260051	13.7659964436	0.495175218788	1.46523848019	4.09393579073	2	8568	9	0	0.992648261069	0.99808	0.99031	FALSE	TRUE
ebf81d29-5718-4d46-8c74-35368a1a01f0	0.99871252529	43.3124309392	11.9063214319	9.56937810044	0.388689083165	1.44353582555	4.15878575598	0	8837	4	2	0.995101423975	0.99527	0.99516	FALSE	TRUE
ec15fd41-dca7-4e7e-a7b0-2b62a48e8634	0.998988412728	31.3695111848	8.33234891785	14.4408197411	0.493448166873	1.34085778781	3.95975405254	0	8873	7	1	0.00872120278811	0.9568	0.0074598	TRUE	TRUE
ecf9b4df-527a-496b-ba6a-f67ce5ebc18f	0.999816075041	38.9607247976	9.813446748	9.99568576866	0.446414254258	1.41762149348	4.04317386231	0	8644	5	1	0.123758495304	0.95946	0.1312	TRUE	TRUE
ed153511-ba99-4c05-8822-f01bbcac4660	0.997792900497	26.6384331797	9.24313955761	18.9625624428	0.555394996214	1.41754385965	3.98520204895	0	8759	7	1	0.0472269631518	0.95635	0.055531	TRUE	TRUE
ee8879c2-234e-4717-807b-c9d25cc60b98	0.999448225124	47.3983253589	12.6659998943	8.02796439043	0.404444405277	1.43553875236	3.91820151679	4	9079	7	1	-0.0255452247698	0.95798	-0.020687	FALSE	TRUE
f05f5658-03eb-4454-bf8b-c88e5099f25c	0.999080375207	36.6963365243	8.42342496844	10.9461511231	0.450952506084	1.64468260511	3.92204899777	1	8840	3	1	0.995104796063	0.99756	0.99516	TRUE	TRUE
f0a6bb63-b8f3-4c09-9536-79e2fe0e4fe7	0.999172337686	38.6874367234	9.45577803041	10.4443813153	0.473875624573	1.57206119163	4.03291713961	0	8868	5	1	0.992648261069	0.99461	0.99273	TRUE	TRUE
f11c189b-ef73-4db4-a01a-6d078cdf9e6d	0.999448225124	40.9079867501	10.1559245441	8.9489023536	0.428321217737	1.51928542428	4.12115839243	0	8665	1	2	0.042987630346	0.95842	0.048913	FALSE	TRUE
f124a2ca-5e24-419a-96f5-dd849ccc50aa	0.998896450248	36.3453323513	13.2084671039	13.5095824596	0.468281743924	1.85421310745	4.00405561993	2	8637	10	1	0.997552398032	0.99675	0.99516	FALSE	TRUE
f2055430-9a81-437c-81ce-9885d6064037	0.999172337686	33.8104924068	8.53697625277	12.8654909702	0.531596691591	1.27315484805	3.94587206124	0	9046	3	2	0.995104796063	0.99616	0.99273	TRUE	TRUE
f22ce361-2507-4888-9cad-721054898c18	0.998528600331	34.5160250507	10.0104739385	13.6320800465	0.474670201025	1.55858747994	4.06167904055	0	8863	6	0	0.116415689399	0.95643	0.11668	FALSE	TRUE
f24dac73-e86c-4978-a1b2-32fb7fc17657	0.998804487769	38.4569560814	9.5515269059	10.2548725338	0.422802317467	1.47929232006	4.03962703963	0	8648	5	2	0.997552398032	0.99609	0.99758	TRUE	TRUE
f25ce2a7-81ee-408c-8947-e25945116af5	0.999448225124	38.9100110416	9.90155811155	10.320007575	0.430254367523	1.4661893397	4.08761682243	1	8710	3	2	0.987761990158	0.99646	0.9879	TRUE	TRUE
f2ea15e6-6a61-4765-8575-11ef9a7bbfd2	0.998896450248	44.8578530657	11.3374875168	7.90404374547	0.38643750472	1.57464553795	4.03349001175	0	8567	6	0	0.995101423975	0.99527	0.99516	FALSE	TRUE
f3d71fa3-4c7b-4d1c-8930-c9da9008d702	0.998988412728	35.3481542852	10.1787453228	13.0406928027	0.499196504713	1.37436456064	3.89873417722	7	9288	6	1	0.109072883494	0.9582	0.10941	FALSE	TRUE
f3e8af9c-da40-4d07-8a12-d2e346316c90	0.999448225124	39.8269230769	10.3839408545	9.49748160445	0.501700539048	1.60846343468	4.05875576037	0	8782	3	2	0.995104796063	0.9949	0.99273	FALSE	TRUE
f582d7da-71da-4466-af60-4c7dac82a913	0.998436637852	41.6159159989	9.37855514718	9.32703624431	0.526409891178	1.65559812686	4.25597060625	0	8583	5	0	0.992657194095	0.99446	0.99032	TRUE	TRUE
f6f3b177-741a-46a1-b7ac-76923ff43260	0.998528600331	39.5082888193	9.38993669937	10.3427100296	0.403353839704	1.49554294976	4.01396160558	0	8619	9	0	0.985314388189	0.99498	0.98305	TRUE	TRUE
f74feb11-1c51-46a3-b5bd-486b85ca99de	0.997792900497	37.0652534562	10.1418774135	11.3465182859	0.418984454053	1.62068965517	3.99941894248	0	8604	6	0	0.0202847950147	0.95569	0.024048	FALSE	TRUE
f83529fb-f897-4ab4-8c41-b7f504ff910b	0.999448225124	41.3053919764	10.7706431629	8.81576619375	0.448985723035	1.5041749503	4.00340715503	0	8811	1	1	0.995101423975	0.99756	0.99516	FALSE	TRUE
f8daa722-2e31-49b8-8110-a12e9db132f3	0.999172337686	44.1367694432	10.9321496959	8.32057776377	0.429065125244	1.59885386819	3.98637911464	0	8786	5	1	-0.0720496621699	0.95813	-0.06967	FALSE	TRUE
f931a5ce-3e17-46ee-834c-87188d61bd4e	0.998436637852	34.3398728931	9.9881751447	13.71532899	0.464946374603	1.56883009508	4.10106382979	0	8631	3	0	0.0821492618408	0.95783	0.087634	TRUE	TRUE
fad740de-d0be-4f44-8a77-1211665f431c	0.99871252529	35.617587477	10.2734026992	13.8672995662	0.471018807867	1.53183820585	3.80697928026	1	8816	3	0	0.995101423975	0.99579	0.99516	FALSE	TRUE
fbdd4422-3157-4a17-b7f8-37c858d05e57	0.998988412728	35.920740127	9.91327930724	11.9897982819	0.504777372319	1.37451587916	4.07342657343	0	8706	6	1	0.0821492618408	0.95835	0.080374	TRUE	TRUE
fd3b8b19-3c17-4aaa-9311-00d06c055529	0.997241125621	38.9188491332	12.0707087261	14.1538610663	0.428367356621	1.4644012945	3.99008746356	1	8558	9	0	-0.00841201099086	0.95635	-0.0043282	FALSE	TRUE
fd3bc08a-ebef-4e65-8a28-cda815ca852a	0.998804487769	45.4237178897	10.5039136707	7.56051328535	0.353352605007	1.32604598568	4.08064516129	0	8820	5	1	0.0821492618408	0.95798	0.087634	FALSE	TRUE
fd60d673-afb0-448e-b5d5-4d6b9d8f90c1	0.998988412728	34.6961244592	13.6074958185	13.5925547689	0.455346459492	1.45472676506	4.1146572104	1	8654	7	1	0.995100519775	0.99771	0.99516	FALSE	TRUE
fd8fbe4f-dca7-4a8c-8e07-707102948239	0.999264300166	32.9850911099	9.24236311646	14.7732025002	0.474587318701	1.52106518283	3.94304857621	1	8853	7	0	1	0.99793	1	TRUE	TRUE
fdebbc92-0b2e-439a-90ef-d0bb0d4a014d	0.99871252529	38.4464088398	10.5172129802	10.4381922057	0.410913358414	1.48767885533	4.06412478336	1	8766	6	4	0.00137839688283	0.9568	0.002932	FALSE	TRUE
fdef9f5f-94de-4b51-8d8d-b6944b209ab7	0.99862056281	42.0856432452	12.2524942979	7.75090682215	0.371835346474	1.55427631579	3.97292626728	0	8633	10	3	0.995104796063	0.99653	0.99032	FALSE	TRUE
fe62e601-7259-42f0-b84d-8e7bde04e7b4	0.993102814052	37.0115751458	12.6204743611	17.9089131614	0.510378954079	1.45009708738	3.93496386882	0	8878	8	0	0.0797016598724	0.95251	0.082794	FALSE	TRUE
fe72a2d5-c62b-4bfb-b818-80615fd249da	0.997976825455	37.0279211205	9.19076675275	10.3227361387	0.418083268888	1.38852268321	4.1889483066	1	8733	7	1	-0.00596440902244	0.95539	0.00019735	TRUE	TRUE
feb6b1d9-1559-4c58-93f7-fd8b9edb5c7f	0.998252712893	40.2842008291	9.24325162697	8.75568240239	0.361534363265	1.43963822257	4.08551483421	0	8742	6	0	0.11396808743	0.95665	0.12152	TRUE	TRUE
fec70cd8-7e78-4c8d-9a77-6ac8b304f577	0.998988412728	43.0281690141	9.76173565723	7.97704978316	0.397832777493	1.477929374	4.21252257676	0	8658	8	2	0.997550711988	0.9966	0.99758	TRUE	TRUE
ff78511c-0575-4ccd-b5ba-c9f23ccd0e76	0.999264300166	44.5370881649	9.95817478856	7.13217160167	0.443000685438	1.69814575248	3.92078071183	0	8572	4	1	0.995104796063	0.99838	0.99516	TRUE	TRUE
ff8c26e2-8e4d-4cd8-8462-9438fbc46622	0.99871252529	31.470718232	12.1135575706	17.3854060453	0.523331206515	1.49661758854	4.15736934821	0	8783	4	0	-0.0230976228014	0.95658	-0.026109	FALSE	TRUE
ffe0b492-d5a7-4365-ab81-070bf96b8d93	0.999080375207	39.8255706922	9.78661536225	9.38687396715	0.487021785268	1.45	3.88077994429	0	8761	4	0	0.992657194095	0.99616	0.99032	TRUE	TRUE
